2026-06-08 07:58:32 | INFO | EDA | Loading dataset: penguins
2026-06-08 07:58:32 | INFO | EDA | Loaded: 344 rows, 7 columns
2026-06-08 07:58:32 | INFO | EDA | Loading dataset: penguins
2026-06-08 07:58:32 | INFO | EDA | Loaded: 344 rows, 7 columns
2026-06-08 07:58:32 | INFO | EDA | Loading dataset: penguins
2026-06-08 07:58:32 | INFO | EDA | Loaded: 344 rows, 7 columns
2026-06-08 07:58:32 | INFO | EDA | Loading dataset: penguins
2026-06-08 07:58:32 | INFO | EDA | Loaded: 344 rows, 7 columns
2026-06-08 07:58:32 | INFO | EDA | Creating cleaned view for EDA (dropping rows with key missing values)
2026-06-08 07:58:32 | DEBUG | EDA | Columns required to be non-missing: ['bill_length_mm', 'bill_depth_mm', 'flipper_length_mm', 'body_mass_g', 'species']
2026-06-08 07:58:32 | INFO | EDA | Original rows: 344
2026-06-08 07:58:32 | INFO | EDA | Clean rows:    342
2026-06-08 07:58:32 | INFO | EDA | Rows dropped:  2
2026-06-08 07:58:32 | INFO | EDA | Computing correlation matrix for numeric columns
2026-06-08 07:58:32 | INFO | EDA | 
Correlation matrix:
2026-06-08 07:58:32 | DEBUG | EDA | 
                   bill_length_mm  bill_depth_mm  flipper_length_mm  body_mass_g
bill_length_mm           1.000000      -0.235053           0.656181     0.595110
bill_depth_mm           -0.235053       1.000000          -0.583851    -0.471916
flipper_length_mm        0.656181      -0.583851           1.000000     0.871202
body_mass_g              0.595110      -0.471916           0.871202     1.000000
2026-06-08 07:58:32 | INFO | EDA | ---------Visualize Correlation Matrix as a Heatmap---------------
2026-06-08 07:58:32 | INFO | EDA | 
CUSTOM: Update these notes and use Markdown cells to narrate and tell the story as you explore. For example:

Interpretation:

 - Values close to 1 (dark red) = strong positive correlation (both increase together)
 - Values close to -1 (dark blue) = strong negative correlation (one increases, other decreases)
 - Values close to 0 (white) = little or no linear relationship
 - The diagonal is always 1 (each variable correlates perfectly with itself)

From this heatmap, we can see that flipper_length_mm and body_mass_g show strong positive correlation (~0.87).

2026-06-08 11:37:17 | INFO | EDA | === RUN START ===
2026-06-08 11:37:17 | INFO | EDA | project=EDA
2026-06-08 11:37:17 | INFO | EDA | repo_dir=datafun-04-notebooks
2026-06-08 11:37:17 | INFO | EDA | python=3.14.5
2026-06-08 11:37:17 | INFO | EDA | os=Windows 11
2026-06-08 11:37:17 | INFO | EDA | shell=powershell
2026-06-08 11:37:17 | INFO | EDA | cwd=.
2026-06-08 11:37:17 | INFO | EDA | github_actions=False
2026-06-08 11:37:17 | INFO | EDA | ========================
2026-06-08 11:37:17 | INFO | EDA | START main()
2026-06-08 11:37:17 | INFO | EDA | ========================
2026-06-08 11:37:17 | INFO | EDA | --- Section 2: Load dataset: penguins ---
2026-06-08 11:37:17 | INFO | EDA | Loading dataset: penguins
2026-06-08 11:37:17 | INFO | EDA | Loaded: 344 rows, 7 columns
2026-06-08 11:37:17 | INFO | EDA | --- Section 3: Inspect shape and basic structure ---
2026-06-08 11:37:17 | INFO | EDA | Previewing first few rows of the dataset
2026-06-08 11:37:17 | DEBUG | EDA | 
  species     island  bill_length_mm  bill_depth_mm  flipper_length_mm  body_mass_g     sex
0  Adelie  Torgersen            39.1           18.7              181.0       3750.0    Male
1  Adelie  Torgersen            39.5           17.4              186.0       3800.0  Female
2  Adelie  Torgersen            40.3           18.0              195.0       3250.0  Female
3  Adelie  Torgersen             NaN            NaN                NaN          NaN     NaN
4  Adelie  Torgersen            36.7           19.3              193.0       3450.0  Female
2026-06-08 11:37:17 | INFO | EDA | Column names
2026-06-08 11:37:17 | DEBUG | EDA | ['species', 'island', 'bill_length_mm', 'bill_depth_mm', 'flipper_length_mm', 'body_mass_g', 'sex']
2026-06-08 11:37:17 | INFO | EDA | DataFrame info (types and non-null counts)
2026-06-08 11:37:17 | INFO | EDA | Dataset shape: 344 rows, 7 columns
2026-06-08 11:37:17 | INFO | EDA | --- Section 4: Create Data Dictionary and Check Data Quality ---
2026-06-08 11:37:17 | INFO | EDA | Building starter data dictionary
2026-06-08 11:37:17 | DEBUG | EDA | 
              column    dtype  missing_count  missing_pct
0            species      str              0         0.00
1             island      str              0         0.00
2     bill_length_mm  float64              2         0.58
3      bill_depth_mm  float64              2         0.58
4  flipper_length_mm  float64              2         0.58
5        body_mass_g  float64              2         0.58
6                sex      str             11         3.20
2026-06-08 11:37:17 | INFO | EDA | Missing values per column:
2026-06-08 11:37:17 | INFO | EDA | 
species               0
island                0
bill_length_mm        2
bill_depth_mm         2
flipper_length_mm     2
body_mass_g           2
sex                  11
dtype: int64
2026-06-08 11:37:17 | INFO | EDA | Checking missing values per column
2026-06-08 11:37:17 | DEBUG | EDA | 
sex                  11
bill_depth_mm         2
bill_length_mm        2
flipper_length_mm     2
body_mass_g           2
island                0
species               0
dtype: int64
2026-06-08 11:37:17 | INFO | EDA | Duplicate rows detected: 0
2026-06-08 11:37:17 | INFO | EDA | Call describe() for numeric columns
2026-06-08 11:37:17 | DEBUG | EDA | 
       bill_length_mm  bill_depth_mm  flipper_length_mm  body_mass_g
count      342.000000     342.000000         342.000000   342.000000
mean        43.921930      17.151170         200.915205  4201.754386
std          5.459584       1.974793          14.061714   801.954536
min         32.100000      13.100000         172.000000  2700.000000
25%         39.225000      15.600000         190.000000  3550.000000
50%         44.450000      17.300000         197.000000  4050.000000
75%         48.500000      18.700000         213.000000  4750.000000
max         59.600000      21.500000         231.000000  6300.000000

2026-06-08 11:37:17 | INFO | EDA | --- Section 5: Create a cleaned view for EDA ---
2026-06-08 11:37:17 | INFO | EDA | Creating cleaned view for EDA (dropping rows with key missing values)
2026-06-08 11:37:17 | DEBUG | EDA | Columns required to be non-missing: ['bill_length_mm', 'bill_depth_mm', 'flipper_length_mm', 'body_mass_g', 'species']
2026-06-08 11:37:17 | INFO | EDA | Original rows: 344
2026-06-08 11:37:17 | INFO | EDA | Clean rows:    342
2026-06-08 11:37:17 | INFO | EDA | Rows dropped:  2
2026-06-08 11:37:17 | INFO | EDA | --- Section 6: Descriptive statistics for numeric columns ---
2026-06-08 11:37:17 | INFO | EDA | --------------- Manual statistics ---------------
2026-06-08 11:37:17 | DEBUG | EDA | Body Mass Statistics (using numpy):
2026-06-08 11:37:17 | DEBUG | EDA |   Mean: 4201.75 g
2026-06-08 11:37:17 | DEBUG | EDA |   Std Dev: 800.78 g
2026-06-08 11:37:17 | DEBUG | EDA |   Min: 2700.00 g
2026-06-08 11:37:17 | DEBUG | EDA |   Max: 6300.00 g
2026-06-08 11:37:17 | DEBUG | EDA |   Range: 3600.00 g
2026-06-08 11:37:17 | INFO | EDA | --------------- Using pandas describe() method ---------------
2026-06-08 11:37:17 | INFO | EDA | Computing overall descriptive statistics
2026-06-08 11:37:17 | DEBUG | EDA | 
                   count         mean         std     min       25%      50%     75%     max
bill_length_mm     342.0    43.921930    5.459584    32.1    39.225    44.45    48.5    59.6
bill_depth_mm      342.0    17.151170    1.974793    13.1    15.600    17.30    18.7    21.5
flipper_length_mm  342.0   200.915205   14.061714   172.0   190.000   197.00   213.0   231.0
body_mass_g        342.0  4201.754386  801.954536  2700.0  3550.000  4050.00  4750.0  6300.0
2026-06-08 11:37:17 | INFO | EDA | --------------- Using pandas groupby() and agg() ---------------
2026-06-08 11:37:17 | INFO | EDA | Computing descriptive statistics by group
2026-06-08 11:37:17 | DEBUG | EDA | 
          bill_length_mm                                  bill_depth_mm                                   \
                   count       mean       std   min   max         count       mean       std   min   max   
species                                                                                                    
Adelie               151  38.791391  2.663405  32.1  46.0           151  18.346358  1.216650  15.5  21.5   
Chinstrap             68  48.833824  3.339256  40.9  58.0            68  18.420588  1.135395  16.4  20.8   
Gentoo               123  47.504878  3.081857  40.9  59.6           123  14.982114  0.981220  13.1  17.3   

          flipper_length_mm                                     body_mass_g                                           
                      count        mean       std    min    max       count         mean         std     min     max  
species                                                                                                               
Adelie                  151  189.953642  6.539457  172.0  210.0         151  3700.662252  458.566126  2850.0  4775.0  
Chinstrap                68  195.823529  7.131894  178.0  212.0          68  3733.088235  384.335081  2700.0  4800.0  
Gentoo                  123  217.186992  6.484976  203.0  231.0         123  5076.016260  504.116237  3950.0  6300.0  
2026-06-08 11:37:17 | INFO | EDA | 
Stacked view - easier to read in logs:
2026-06-08 11:37:17 | DEBUG | EDA | 
                             count         mean         std     min     max
species                                                                    
Adelie    bill_length_mm       151    38.791391    2.663405    32.1    46.0
          bill_depth_mm        151    18.346358    1.216650    15.5    21.5
          flipper_length_mm    151   189.953642    6.539457   172.0   210.0
          body_mass_g          151  3700.662252  458.566126  2850.0  4775.0
Chinstrap bill_length_mm        68    48.833824    3.339256    40.9    58.0
          bill_depth_mm         68    18.420588    1.135395    16.4    20.8
          flipper_length_mm     68   195.823529    7.131894   178.0   212.0
          body_mass_g           68  3733.088235  384.335081  2700.0  4800.0
Gentoo    bill_length_mm       123    47.504878    3.081857    40.9    59.6
          bill_depth_mm        123    14.982114    0.981220    13.1    17.3
          flipper_length_mm    123   217.186992    6.484976   203.0   231.0
          body_mass_g          123  5076.016260  504.116237  3950.0  6300.0
2026-06-08 11:37:17 | INFO | EDA | --- Section 7: Correlation matrix for numeric columns ---
2026-06-08 11:37:17 | INFO | EDA | Computing correlation matrix for numeric columns
2026-06-08 11:37:17 | INFO | EDA | 
Correlation matrix:
2026-06-08 11:37:17 | DEBUG | EDA | 
                   bill_length_mm  bill_depth_mm  flipper_length_mm  body_mass_g
bill_length_mm           1.000000      -0.235053           0.656181     0.595110
bill_depth_mm           -0.235053       1.000000          -0.583851    -0.471916
flipper_length_mm        0.656181      -0.583851           1.000000     0.871202
body_mass_g              0.595110      -0.471916           0.871202     1.000000
2026-06-08 11:37:17 | INFO | EDA | ---------Visualize Correlation Matrix as a Heatmap---------------
2026-06-08 11:37:18 | INFO | EDA | 
CUSTOM: Update these notes and use Markdown cells to narrate and tell the story as you explore. For example:

Interpretation:

 - Values close to 1 (dark red) = strong positive correlation (both increase together)
 - Values close to -1 (dark blue) = strong negative correlation (one increases, other decreases)
 - Values close to 0 (white) = little or no linear relationship
 - The diagonal is always 1 (each variable correlates perfectly with itself)

From this heatmap, we can see that flipper_length_mm and body_mass_g show strong positive correlation (~0.87).

2026-06-08 11:37:18 | INFO | EDA | --- Section 8: Charts ---
2026-06-08 11:37:18 | INFO | EDA | ---- Creating Scatter Plot to see Relationships ------
2026-06-08 11:37:18 | INFO | EDA | ----   Use clean dataframe ---------------------------
2026-06-08 11:37:18 | INFO | EDA | ----   Set x to flipper length -----------------------
2026-06-08 11:37:18 | INFO | EDA | ----   Set y to bill length --------------------------
2026-06-08 11:37:18 | INFO | EDA | ----   Set the hue (color mapping) to the group column --
2026-06-08 11:37:18 | INFO | EDA | ------ Creating Box Plot to see Distribution: ---------
2026-06-08 11:37:18 | INFO | EDA | ------   Use clean dataframe --------------------------
2026-06-08 11:37:18 | INFO | EDA | ------   Set x to the group column --------------------
2026-06-08 11:37:18 | INFO | EDA | ------   Set y to flipper length ----------------------
2026-06-08 11:37:19 | INFO | EDA | --- Section 9: Summary and next steps ---
2026-06-08 11:37:19 | INFO | EDA | ========================
2026-06-08 11:37:19 | INFO | EDA | SUMMARY
2026-06-08 11:37:19 | INFO | EDA | ========================
2026-06-08 11:37:19 | INFO | EDA | Dataset: penguins
2026-06-08 11:37:19 | INFO | EDA | Original rows: 344
2026-06-08 11:37:19 | INFO | EDA | Clean rows:    342
2026-06-08 11:37:19 | INFO | EDA | Groups found in species: ['Adelie', 'Chinstrap', 'Gentoo']
2026-06-08 11:37:19 | INFO | EDA | Strongest correlation: 
2026-06-08 11:37:19 | INFO | EDA |   flipper_length_mm and body_mass_g (~0.87)
2026-06-08 11:37:19 | INFO | EDA | Suggested next step: 
2026-06-08 11:37:19 | INFO | EDA |   Model body_mass_g ~ flipper_length_mm with linear regression
2026-06-08 11:37:19 | INFO | EDA | ----- in a script, call plt.show() once at the end to display all charts -----
2026-06-08 11:37:19 | INFO | EDA | ----- in a script, close the chart windows (with the close button) to continue  -----
2026-06-08 11:37:31 | INFO | EDA | EDA workflow complete
2026-06-08 11:37:31 | INFO | EDA | IMPORTANT: This script creates chart windows.
2026-06-08 11:37:31 | INFO | EDA | Close any chart windows and terminate this process with CTRL+c as needed.
2026-06-08 11:37:31 | INFO | EDA | ========================
2026-06-08 11:37:31 | INFO | EDA | Executed successfully!
2026-06-08 11:37:31 | INFO | EDA | ========================
2026-06-08 11:37:45 | INFO | EDA | === RUN START ===
2026-06-08 11:37:45 | INFO | EDA | project=EDA
2026-06-08 11:37:45 | INFO | EDA | repo_dir=datafun-04-notebooks
2026-06-08 11:37:45 | INFO | EDA | python=3.14.5
2026-06-08 11:37:45 | INFO | EDA | os=Windows 11
2026-06-08 11:37:45 | INFO | EDA | shell=powershell
2026-06-08 11:37:45 | INFO | EDA | cwd=.
2026-06-08 11:37:45 | INFO | EDA | github_actions=False
2026-06-08 11:37:45 | INFO | EDA | ========================
2026-06-08 11:37:45 | INFO | EDA | START main()
2026-06-08 11:37:45 | INFO | EDA | ========================
2026-06-08 11:37:45 | INFO | EDA | --- Section 2: Load dataset: penguins ---
2026-06-08 11:37:45 | INFO | EDA | Loading dataset: penguins
2026-06-08 11:37:45 | INFO | EDA | Loaded: 344 rows, 7 columns
2026-06-08 11:37:45 | INFO | EDA | --- Section 3: Inspect shape and basic structure ---
2026-06-08 11:37:45 | INFO | EDA | Previewing first few rows of the dataset
2026-06-08 11:37:45 | DEBUG | EDA | 
  species     island  bill_length_mm  bill_depth_mm  flipper_length_mm  body_mass_g     sex
0  Adelie  Torgersen            39.1           18.7              181.0       3750.0    Male
1  Adelie  Torgersen            39.5           17.4              186.0       3800.0  Female
2  Adelie  Torgersen            40.3           18.0              195.0       3250.0  Female
3  Adelie  Torgersen             NaN            NaN                NaN          NaN     NaN
4  Adelie  Torgersen            36.7           19.3              193.0       3450.0  Female
2026-06-08 11:37:45 | INFO | EDA | Column names
2026-06-08 11:37:45 | DEBUG | EDA | ['species', 'island', 'bill_length_mm', 'bill_depth_mm', 'flipper_length_mm', 'body_mass_g', 'sex']
2026-06-08 11:37:45 | INFO | EDA | DataFrame info (types and non-null counts)
2026-06-08 11:37:45 | INFO | EDA | Dataset shape: 344 rows, 7 columns
2026-06-08 11:37:45 | INFO | EDA | --- Section 4: Create Data Dictionary and Check Data Quality ---
2026-06-08 11:37:45 | INFO | EDA | Building starter data dictionary
2026-06-08 11:37:45 | DEBUG | EDA | 
              column    dtype  missing_count  missing_pct
0            species      str              0         0.00
1             island      str              0         0.00
2     bill_length_mm  float64              2         0.58
3      bill_depth_mm  float64              2         0.58
4  flipper_length_mm  float64              2         0.58
5        body_mass_g  float64              2         0.58
6                sex      str             11         3.20
2026-06-08 11:37:45 | INFO | EDA | Missing values per column:
2026-06-08 11:37:45 | INFO | EDA | 
species               0
island                0
bill_length_mm        2
bill_depth_mm         2
flipper_length_mm     2
body_mass_g           2
sex                  11
dtype: int64
2026-06-08 11:37:45 | INFO | EDA | Checking missing values per column
2026-06-08 11:37:45 | DEBUG | EDA | 
sex                  11
bill_depth_mm         2
bill_length_mm        2
flipper_length_mm     2
body_mass_g           2
island                0
species               0
dtype: int64
2026-06-08 11:37:45 | INFO | EDA | Duplicate rows detected: 0
2026-06-08 11:37:45 | INFO | EDA | Call describe() for numeric columns
2026-06-08 11:37:45 | DEBUG | EDA | 
       bill_length_mm  bill_depth_mm  flipper_length_mm  body_mass_g
count      342.000000     342.000000         342.000000   342.000000
mean        43.921930      17.151170         200.915205  4201.754386
std          5.459584       1.974793          14.061714   801.954536
min         32.100000      13.100000         172.000000  2700.000000
25%         39.225000      15.600000         190.000000  3550.000000
50%         44.450000      17.300000         197.000000  4050.000000
75%         48.500000      18.700000         213.000000  4750.000000
max         59.600000      21.500000         231.000000  6300.000000

2026-06-08 11:37:45 | INFO | EDA | --- Section 5: Create a cleaned view for EDA ---
2026-06-08 11:37:45 | INFO | EDA | Creating cleaned view for EDA (dropping rows with key missing values)
2026-06-08 11:37:45 | DEBUG | EDA | Columns required to be non-missing: ['bill_length_mm', 'bill_depth_mm', 'flipper_length_mm', 'body_mass_g', 'species']
2026-06-08 11:37:45 | INFO | EDA | Original rows: 344
2026-06-08 11:37:45 | INFO | EDA | Clean rows:    342
2026-06-08 11:37:45 | INFO | EDA | Rows dropped:  2
2026-06-08 11:37:45 | INFO | EDA | --- Section 6: Descriptive statistics for numeric columns ---
2026-06-08 11:37:45 | INFO | EDA | --------------- Manual statistics ---------------
2026-06-08 11:37:45 | DEBUG | EDA | Body Mass Statistics (using numpy):
2026-06-08 11:37:45 | DEBUG | EDA |   Mean: 4201.75 g
2026-06-08 11:37:45 | DEBUG | EDA |   Std Dev: 800.78 g
2026-06-08 11:37:45 | DEBUG | EDA |   Min: 2700.00 g
2026-06-08 11:37:45 | DEBUG | EDA |   Max: 6300.00 g
2026-06-08 11:37:45 | DEBUG | EDA |   Range: 3600.00 g
2026-06-08 11:37:45 | INFO | EDA | --------------- Using pandas describe() method ---------------
2026-06-08 11:37:45 | INFO | EDA | Computing overall descriptive statistics
2026-06-08 11:37:45 | DEBUG | EDA | 
                   count         mean         std     min       25%      50%     75%     max
bill_length_mm     342.0    43.921930    5.459584    32.1    39.225    44.45    48.5    59.6
bill_depth_mm      342.0    17.151170    1.974793    13.1    15.600    17.30    18.7    21.5
flipper_length_mm  342.0   200.915205   14.061714   172.0   190.000   197.00   213.0   231.0
body_mass_g        342.0  4201.754386  801.954536  2700.0  3550.000  4050.00  4750.0  6300.0
2026-06-08 11:37:45 | INFO | EDA | --------------- Using pandas groupby() and agg() ---------------
2026-06-08 11:37:45 | INFO | EDA | Computing descriptive statistics by group
2026-06-08 11:37:45 | DEBUG | EDA | 
          bill_length_mm                                  bill_depth_mm                                   \
                   count       mean       std   min   max         count       mean       std   min   max   
species                                                                                                    
Adelie               151  38.791391  2.663405  32.1  46.0           151  18.346358  1.216650  15.5  21.5   
Chinstrap             68  48.833824  3.339256  40.9  58.0            68  18.420588  1.135395  16.4  20.8   
Gentoo               123  47.504878  3.081857  40.9  59.6           123  14.982114  0.981220  13.1  17.3   

          flipper_length_mm                                     body_mass_g                                           
                      count        mean       std    min    max       count         mean         std     min     max  
species                                                                                                               
Adelie                  151  189.953642  6.539457  172.0  210.0         151  3700.662252  458.566126  2850.0  4775.0  
Chinstrap                68  195.823529  7.131894  178.0  212.0          68  3733.088235  384.335081  2700.0  4800.0  
Gentoo                  123  217.186992  6.484976  203.0  231.0         123  5076.016260  504.116237  3950.0  6300.0  
2026-06-08 11:37:45 | INFO | EDA | 
Stacked view - easier to read in logs:
2026-06-08 11:37:45 | DEBUG | EDA | 
                             count         mean         std     min     max
species                                                                    
Adelie    bill_length_mm       151    38.791391    2.663405    32.1    46.0
          bill_depth_mm        151    18.346358    1.216650    15.5    21.5
          flipper_length_mm    151   189.953642    6.539457   172.0   210.0
          body_mass_g          151  3700.662252  458.566126  2850.0  4775.0
Chinstrap bill_length_mm        68    48.833824    3.339256    40.9    58.0
          bill_depth_mm         68    18.420588    1.135395    16.4    20.8
          flipper_length_mm     68   195.823529    7.131894   178.0   212.0
          body_mass_g           68  3733.088235  384.335081  2700.0  4800.0
Gentoo    bill_length_mm       123    47.504878    3.081857    40.9    59.6
          bill_depth_mm        123    14.982114    0.981220    13.1    17.3
          flipper_length_mm    123   217.186992    6.484976   203.0   231.0
          body_mass_g          123  5076.016260  504.116237  3950.0  6300.0
2026-06-08 11:37:45 | INFO | EDA | --- Section 7: Correlation matrix for numeric columns ---
2026-06-08 11:37:45 | INFO | EDA | Computing correlation matrix for numeric columns
2026-06-08 11:37:45 | INFO | EDA | 
Correlation matrix:
2026-06-08 11:37:45 | DEBUG | EDA | 
                   bill_length_mm  bill_depth_mm  flipper_length_mm  body_mass_g
bill_length_mm           1.000000      -0.235053           0.656181     0.595110
bill_depth_mm           -0.235053       1.000000          -0.583851    -0.471916
flipper_length_mm        0.656181      -0.583851           1.000000     0.871202
body_mass_g              0.595110      -0.471916           0.871202     1.000000
2026-06-08 11:37:45 | INFO | EDA | ---------Visualize Correlation Matrix as a Heatmap---------------
2026-06-08 11:37:45 | INFO | EDA | 
CUSTOM: Update these notes and use Markdown cells to narrate and tell the story as you explore. For example:

Interpretation:

 - Values close to 1 (dark red) = strong positive correlation (both increase together)
 - Values close to -1 (dark blue) = strong negative correlation (one increases, other decreases)
 - Values close to 0 (white) = little or no linear relationship
 - The diagonal is always 1 (each variable correlates perfectly with itself)

From this heatmap, we can see that flipper_length_mm and body_mass_g show strong positive correlation (~0.87).

2026-06-08 11:37:45 | INFO | EDA | --- Section 8: Charts ---
2026-06-08 11:37:45 | INFO | EDA | ---- Creating Scatter Plot to see Relationships ------
2026-06-08 11:37:45 | INFO | EDA | ----   Use clean dataframe ---------------------------
2026-06-08 11:37:45 | INFO | EDA | ----   Set x to flipper length -----------------------
2026-06-08 11:37:45 | INFO | EDA | ----   Set y to bill length --------------------------
2026-06-08 11:37:45 | INFO | EDA | ----   Set the hue (color mapping) to the group column --
2026-06-08 11:37:46 | INFO | EDA | ------ Creating Box Plot to see Distribution: ---------
2026-06-08 11:37:46 | INFO | EDA | ------   Use clean dataframe --------------------------
2026-06-08 11:37:46 | INFO | EDA | ------   Set x to the group column --------------------
2026-06-08 11:37:46 | INFO | EDA | ------   Set y to flipper length ----------------------
2026-06-08 11:37:46 | INFO | EDA | --- Section 9: Summary and next steps ---
2026-06-08 11:37:46 | INFO | EDA | ========================
2026-06-08 11:37:46 | INFO | EDA | SUMMARY
2026-06-08 11:37:46 | INFO | EDA | ========================
2026-06-08 11:37:46 | INFO | EDA | Dataset: penguins
2026-06-08 11:37:46 | INFO | EDA | Original rows: 344
2026-06-08 11:37:46 | INFO | EDA | Clean rows:    342
2026-06-08 11:37:46 | INFO | EDA | Groups found in species: ['Adelie', 'Chinstrap', 'Gentoo']
2026-06-08 11:37:46 | INFO | EDA | Strongest correlation: 
2026-06-08 11:37:46 | INFO | EDA |   flipper_length_mm and body_mass_g (~0.87)
2026-06-08 11:37:46 | INFO | EDA | Suggested next step: 
2026-06-08 11:37:46 | INFO | EDA |   Model body_mass_g ~ flipper_length_mm with linear regression
2026-06-08 11:37:46 | INFO | EDA | ----- in a script, call plt.show() once at the end to display all charts -----
2026-06-08 11:37:46 | INFO | EDA | ----- in a script, close the chart windows (with the close button) to continue  -----
2026-06-08 11:39:06 | INFO | EDA | EDA workflow complete
2026-06-08 11:39:06 | INFO | EDA | IMPORTANT: This script creates chart windows.
2026-06-08 11:39:06 | INFO | EDA | Close any chart windows and terminate this process with CTRL+c as needed.
2026-06-08 11:39:06 | INFO | EDA | ========================
2026-06-08 11:39:06 | INFO | EDA | Executed successfully!
2026-06-08 11:39:06 | INFO | EDA | ========================
2026-06-08 11:45:20 | INFO | EDA | Loading dataset: penguins
2026-06-08 11:45:20 | INFO | EDA | Loaded: 344 rows, 7 columns
2026-06-08 11:45:20 | INFO | EDA | Loading dataset: penguins
2026-06-08 11:45:20 | INFO | EDA | Loaded: 344 rows, 7 columns
2026-06-08 11:45:20 | INFO | EDA | Loading dataset: penguins
2026-06-08 11:45:20 | INFO | EDA | Loaded: 344 rows, 7 columns
2026-06-08 11:45:20 | INFO | EDA | Loading dataset: penguins
2026-06-08 11:45:20 | INFO | EDA | Loaded: 344 rows, 7 columns
2026-06-08 11:45:20 | INFO | EDA | Creating cleaned view for EDA (dropping rows with key missing values)
2026-06-08 11:45:20 | DEBUG | EDA | Columns required to be non-missing: ['bill_length_mm', 'bill_depth_mm', 'flipper_length_mm', 'body_mass_g', 'species']
2026-06-08 11:45:20 | INFO | EDA | Original rows: 344
2026-06-08 11:45:20 | INFO | EDA | Clean rows:    342
2026-06-08 11:45:20 | INFO | EDA | Rows dropped:  2
2026-06-08 11:45:20 | INFO | EDA | Computing correlation matrix for numeric columns
2026-06-08 11:45:20 | INFO | EDA | 
Correlation matrix:
2026-06-08 11:45:20 | DEBUG | EDA | 
                   bill_length_mm  bill_depth_mm  flipper_length_mm  body_mass_g
bill_length_mm           1.000000      -0.235053           0.656181     0.595110
bill_depth_mm           -0.235053       1.000000          -0.583851    -0.471916
flipper_length_mm        0.656181      -0.583851           1.000000     0.871202
body_mass_g              0.595110      -0.471916           0.871202     1.000000
2026-06-08 11:45:20 | INFO | EDA | ---------Visualize Correlation Matrix as a Heatmap---------------
2026-06-08 11:45:20 | INFO | EDA | 
CUSTOM: Update these notes and use Markdown cells to narrate and tell the story as you explore. For example:

Interpretation:

 - Values close to 1 (dark red) = strong positive correlation (both increase together)
 - Values close to -1 (dark blue) = strong negative correlation (one increases, other decreases)
 - Values close to 0 (white) = little or no linear relationship
 - The diagonal is always 1 (each variable correlates perfectly with itself)

From this heatmap, we can see that flipper_length_mm and body_mass_g show strong positive correlation (~0.87).

2026-06-08 11:48:32 | INFO | EDA-NB | === RUN START ===
2026-06-08 11:48:32 | INFO | EDA-NB | project=EDA-NB
2026-06-08 11:48:32 | INFO | EDA-NB | repo_dir=datafun-04-notebooks
2026-06-08 11:48:32 | INFO | EDA-NB | python=3.14.5
2026-06-08 11:48:32 | INFO | EDA-NB | os=Windows 11
2026-06-08 11:48:32 | INFO | EDA-NB | shell=powershell
2026-06-08 11:48:32 | INFO | EDA-NB | cwd=notebooks
2026-06-08 11:48:32 | INFO | EDA-NB | github_actions=False
2026-06-08 11:48:32 | INFO | EDA-NB | Imports complete.
2026-06-08 11:48:32 | INFO | EDA-NB | Loading dataset: penguins
2026-06-08 11:48:32 | INFO | EDA-NB | Loaded: 344 rows, 7 columns
2026-06-08 11:48:32 | INFO | EDA-NB | Previewing first few rows of the dataset
2026-06-08 11:48:32 | INFO | EDA-NB | Column names
2026-06-08 11:48:32 | INFO | EDA-NB | DataFrame info (types and non-null counts)
2026-06-08 11:48:32 | INFO | EDA-NB | Dataset shape: 344 rows, 7 columns
2026-06-08 11:48:32 | INFO | EDA-NB | Building starter data dictionary
2026-06-08 11:48:32 | DEBUG | EDA-NB | 
              column    dtype  missing_count  missing_pct
0            species      str              0         0.00
1             island      str              0         0.00
2     bill_length_mm  float64              2         0.58
3      bill_depth_mm  float64              2         0.58
4  flipper_length_mm  float64              2         0.58
5        body_mass_g  float64              2         0.58
6                sex      str             11         3.20
2026-06-08 11:48:32 | INFO | EDA-NB | Missing values per column:
2026-06-08 11:48:32 | INFO | EDA-NB | species               0
island                0
bill_length_mm        2
bill_depth_mm         2
flipper_length_mm     2
body_mass_g           2
sex                  11
dtype: int64
2026-06-08 11:48:32 | INFO | EDA-NB | Checking missing values per column
2026-06-08 11:48:32 | DEBUG | EDA-NB | 
sex                  11
bill_depth_mm         2
bill_length_mm        2
flipper_length_mm     2
body_mass_g           2
island                0
species               0
dtype: int64
2026-06-08 11:48:33 | INFO | EDA-NB | Duplicate rows detected: 0
2026-06-08 11:48:33 | INFO | EDA-NB | Call describe() for numeric columns
2026-06-08 11:48:33 | DEBUG | EDA-NB | 
       bill_length_mm  bill_depth_mm  flipper_length_mm  body_mass_g
count      342.000000     342.000000         342.000000   342.000000
mean        43.921930      17.151170         200.915205  4201.754386
std          5.459584       1.974793          14.061714   801.954536
min         32.100000      13.100000         172.000000  2700.000000
25%         39.225000      15.600000         190.000000  3550.000000
50%         44.450000      17.300000         197.000000  4050.000000
75%         48.500000      18.700000         213.000000  4750.000000
max         59.600000      21.500000         231.000000  6300.000000

2026-06-08 11:48:33 | DEBUG | EDA-NB | Columns required to be non-missing: ['bill_length_mm', 'bill_depth_mm', 'flipper_length_mm', 'body_mass_g', 'species']
2026-06-08 11:48:33 | INFO | EDA-NB | Original rows: 344
2026-06-08 11:48:33 | INFO | EDA-NB | Clean rows:    342
2026-06-08 11:48:33 | INFO | EDA-NB | Rows dropped:  2
2026-06-08 11:48:33 | INFO | EDA-NB | --------------- Manual statistics ---------------
2026-06-08 11:48:33 | INFO | EDA-NB | Body Mass Statistics (using numpy):
2026-06-08 11:48:33 | INFO | EDA-NB |   Mean: 4201.75 g
2026-06-08 11:48:33 | INFO | EDA-NB |   Std Dev: 800.78 g
2026-06-08 11:48:33 | INFO | EDA-NB |   Min: 2700.00 g
2026-06-08 11:48:33 | INFO | EDA-NB |   Max: 6300.00 g
2026-06-08 11:48:33 | INFO | EDA-NB |   Range: 3600.00 g
2026-06-08 11:48:33 | INFO | EDA-NB | Computing overall descriptive statistics
2026-06-08 11:48:33 | DEBUG | EDA-NB | 
                   count         mean         std     min       25%      50%     75%     max
bill_length_mm     342.0    43.921930    5.459584    32.1    39.225    44.45    48.5    59.6
bill_depth_mm      342.0    17.151170    1.974793    13.1    15.600    17.30    18.7    21.5
flipper_length_mm  342.0   200.915205   14.061714   172.0   190.000   197.00   213.0   231.0
body_mass_g        342.0  4201.754386  801.954536  2700.0  3550.000  4050.00  4750.0  6300.0
2026-06-08 11:48:33 | INFO | EDA-NB | --------------- Using pandas groupby() and agg() ---------------
2026-06-08 11:48:33 | INFO | EDA-NB | Computing descriptive statistics by group
2026-06-08 11:48:33 | DEBUG | EDA-NB | 
          bill_length_mm                                  bill_depth_mm                                   \
                   count       mean       std   min   max         count       mean       std   min   max   
species                                                                                                    
Adelie               151  38.791391  2.663405  32.1  46.0           151  18.346358  1.216650  15.5  21.5   
Chinstrap             68  48.833824  3.339256  40.9  58.0            68  18.420588  1.135395  16.4  20.8   
Gentoo               123  47.504878  3.081857  40.9  59.6           123  14.982114  0.981220  13.1  17.3   

          flipper_length_mm                                     body_mass_g                                           
                      count        mean       std    min    max       count         mean         std     min     max  
species                                                                                                               
Adelie                  151  189.953642  6.539457  172.0  210.0         151  3700.662252  458.566126  2850.0  4775.0  
Chinstrap                68  195.823529  7.131894  178.0  212.0          68  3733.088235  384.335081  2700.0  4800.0  
Gentoo                  123  217.186992  6.484976  203.0  231.0         123  5076.016260  504.116237  3950.0  6300.0  
2026-06-08 11:48:33 | INFO | EDA-NB | --------------- Improving the output ---------------
2026-06-08 11:48:33 | DEBUG | EDA-NB | 
                             count         mean         std     min     max
species                                                                    
Adelie    bill_length_mm       151    38.791391    2.663405    32.1    46.0
          bill_depth_mm        151    18.346358    1.216650    15.5    21.5
          flipper_length_mm    151   189.953642    6.539457   172.0   210.0
          body_mass_g          151  3700.662252  458.566126  2850.0  4775.0
Chinstrap bill_length_mm        68    48.833824    3.339256    40.9    58.0
          bill_depth_mm         68    18.420588    1.135395    16.4    20.8
          flipper_length_mm     68   195.823529    7.131894   178.0   212.0
          body_mass_g           68  3733.088235  384.335081  2700.0  4800.0
Gentoo    bill_length_mm       123    47.504878    3.081857    40.9    59.6
          bill_depth_mm        123    14.982114    0.981220    13.1    17.3
          flipper_length_mm    123   217.186992    6.484976   203.0   231.0
          body_mass_g          123  5076.016260  504.116237  3950.0  6300.0
2026-06-08 11:48:33 | INFO | EDA-NB | Computing correlation matrix for numeric columns
2026-06-08 11:48:33 | INFO | EDA-NB | 
Correlation matrix:
2026-06-08 11:48:33 | DEBUG | EDA-NB | 
                   bill_length_mm  bill_depth_mm  flipper_length_mm  body_mass_g
bill_length_mm           1.000000      -0.235053           0.656181     0.595110
bill_depth_mm           -0.235053       1.000000          -0.583851    -0.471916
flipper_length_mm        0.656181      -0.583851           1.000000     0.871202
body_mass_g              0.595110      -0.471916           0.871202     1.000000
2026-06-08 11:48:33 | INFO | EDA-NB | ---------Visualize Correlation Matrix as a Heatmap---------------
2026-06-08 11:48:33 | INFO | EDA-NB | ---- Creating Scatter Plot to see Relationships ------
2026-06-08 11:48:33 | INFO | EDA-NB | ----   Use clean dataframe ---------------------------
2026-06-08 11:48:33 | INFO | EDA-NB | ----   Set x to flipper length -----------------------
2026-06-08 11:48:33 | INFO | EDA-NB | ----   Set y to bill length --------------------------
2026-06-08 11:48:33 | INFO | EDA-NB | ----   Set the hue (color mapping) to the group column --
2026-06-08 11:48:33 | INFO | EDA-NB | ------- Creating another chart -------
2026-06-08 11:48:33 | INFO | EDA-NB | ------ Creating Box Plot to see Distribution: ---------
2026-06-08 11:48:33 | INFO | EDA-NB | ------   Use clean dataframe --------------------------
2026-06-08 11:48:33 | INFO | EDA-NB | ------   Set x to the group column --------------------
2026-06-08 11:48:33 | INFO | EDA-NB | ------   Set y to flipper length ----------------------
2026-06-08 11:48:34 | INFO | EDA-NB | ========================
2026-06-08 11:48:34 | INFO | EDA-NB | SUMMARY
2026-06-08 11:48:34 | INFO | EDA-NB | ========================
2026-06-08 11:48:34 | INFO | EDA-NB | Dataset: penguins
2026-06-08 11:48:34 | INFO | EDA-NB | Original rows: 344
2026-06-08 11:48:34 | INFO | EDA-NB | Clean rows:    342
2026-06-08 11:48:34 | INFO | EDA-NB | Groups found in species: ['Adelie', 'Chinstrap', 'Gentoo']
2026-06-08 11:48:34 | INFO | EDA-NB | Strongest correlation: 
2026-06-08 11:48:34 | INFO | EDA-NB |   flipper_length_mm and body_mass_g (~0.87)
2026-06-08 11:48:34 | INFO | EDA-NB | Suggested next step: 
2026-06-08 11:48:34 | INFO | EDA-NB |   Model body_mass_g ~ flipper_length_mm with linear regression
2026-06-08 11:48:34 | INFO | EDA-NB | EDA workflow complete
2026-06-08 11:48:34 | INFO | EDA-NB | IMPORTANT: This script creates chart windows.
2026-06-08 11:48:34 | INFO | EDA-NB | Close any chart windows and terminate this process with CTRL+c as needed.
2026-06-08 11:48:34 | INFO | EDA-NB | ========================
2026-06-08 11:48:34 | INFO | EDA-NB | Executed successfully!
2026-06-08 11:48:34 | INFO | EDA-NB | ========================
2026-06-08 11:49:56 | INFO | EDA-NB | === RUN START ===
2026-06-08 11:49:56 | INFO | EDA-NB | project=EDA-NB
2026-06-08 11:49:56 | INFO | EDA-NB | repo_dir=datafun-04-notebooks
2026-06-08 11:49:56 | INFO | EDA-NB | python=3.14.5
2026-06-08 11:49:56 | INFO | EDA-NB | os=Windows 11
2026-06-08 11:49:56 | INFO | EDA-NB | shell=powershell
2026-06-08 11:49:56 | INFO | EDA-NB | cwd=notebooks
2026-06-08 11:49:56 | INFO | EDA-NB | github_actions=False
2026-06-08 11:49:56 | INFO | EDA-NB | Imports complete.
2026-06-08 11:49:56 | INFO | EDA-NB | Loading dataset: penguins
2026-06-08 11:49:56 | INFO | EDA-NB | Loaded: 344 rows, 7 columns
2026-06-08 11:49:56 | INFO | EDA-NB | Previewing first few rows of the dataset
2026-06-08 11:49:56 | INFO | EDA-NB | Column names
2026-06-08 11:49:56 | INFO | EDA-NB | DataFrame info (types and non-null counts)
2026-06-08 11:49:56 | INFO | EDA-NB | Dataset shape: 344 rows, 7 columns
2026-06-08 11:49:56 | INFO | EDA-NB | Building starter data dictionary
2026-06-08 11:49:56 | DEBUG | EDA-NB | 
              column    dtype  missing_count  missing_pct
0            species      str              0         0.00
1             island      str              0         0.00
2     bill_length_mm  float64              2         0.58
3      bill_depth_mm  float64              2         0.58
4  flipper_length_mm  float64              2         0.58
5        body_mass_g  float64              2         0.58
6                sex      str             11         3.20
2026-06-08 11:49:56 | INFO | EDA-NB | Missing values per column:
2026-06-08 11:49:56 | INFO | EDA-NB | species               0
island                0
bill_length_mm        2
bill_depth_mm         2
flipper_length_mm     2
body_mass_g           2
sex                  11
dtype: int64
2026-06-08 11:49:56 | INFO | EDA-NB | Checking missing values per column
2026-06-08 11:49:56 | DEBUG | EDA-NB | 
sex                  11
bill_depth_mm         2
bill_length_mm        2
flipper_length_mm     2
body_mass_g           2
island                0
species               0
dtype: int64
2026-06-08 11:49:56 | INFO | EDA-NB | Duplicate rows detected: 0
2026-06-08 11:49:56 | INFO | EDA-NB | Call describe() for numeric columns
2026-06-08 11:49:56 | DEBUG | EDA-NB | 
       bill_length_mm  bill_depth_mm  flipper_length_mm  body_mass_g
count      342.000000     342.000000         342.000000   342.000000
mean        43.921930      17.151170         200.915205  4201.754386
std          5.459584       1.974793          14.061714   801.954536
min         32.100000      13.100000         172.000000  2700.000000
25%         39.225000      15.600000         190.000000  3550.000000
50%         44.450000      17.300000         197.000000  4050.000000
75%         48.500000      18.700000         213.000000  4750.000000
max         59.600000      21.500000         231.000000  6300.000000

2026-06-08 11:49:56 | DEBUG | EDA-NB | Columns required to be non-missing: ['bill_length_mm', 'bill_depth_mm', 'flipper_length_mm', 'body_mass_g', 'species']
2026-06-08 11:49:56 | INFO | EDA-NB | Original rows: 344
2026-06-08 11:49:56 | INFO | EDA-NB | Clean rows:    342
2026-06-08 11:49:56 | INFO | EDA-NB | Rows dropped:  2
2026-06-08 11:49:56 | INFO | EDA-NB | --------------- Manual statistics ---------------
2026-06-08 11:49:56 | INFO | EDA-NB | Body Mass Statistics (using numpy):
2026-06-08 11:49:56 | INFO | EDA-NB |   Mean: 4201.75 g
2026-06-08 11:49:56 | INFO | EDA-NB |   Std Dev: 800.78 g
2026-06-08 11:49:56 | INFO | EDA-NB |   Min: 2700.00 g
2026-06-08 11:49:56 | INFO | EDA-NB |   Max: 6300.00 g
2026-06-08 11:49:56 | INFO | EDA-NB |   Range: 3600.00 g
2026-06-08 11:49:56 | INFO | EDA-NB | Computing overall descriptive statistics
2026-06-08 11:49:56 | DEBUG | EDA-NB | 
                   count         mean         std     min       25%      50%     75%     max
bill_length_mm     342.0    43.921930    5.459584    32.1    39.225    44.45    48.5    59.6
bill_depth_mm      342.0    17.151170    1.974793    13.1    15.600    17.30    18.7    21.5
flipper_length_mm  342.0   200.915205   14.061714   172.0   190.000   197.00   213.0   231.0
body_mass_g        342.0  4201.754386  801.954536  2700.0  3550.000  4050.00  4750.0  6300.0
2026-06-08 11:49:56 | INFO | EDA-NB | --------------- Using pandas groupby() and agg() ---------------
2026-06-08 11:49:56 | INFO | EDA-NB | Computing descriptive statistics by group
2026-06-08 11:49:56 | DEBUG | EDA-NB | 
          bill_length_mm                                  bill_depth_mm                                   \
                   count       mean       std   min   max         count       mean       std   min   max   
species                                                                                                    
Adelie               151  38.791391  2.663405  32.1  46.0           151  18.346358  1.216650  15.5  21.5   
Chinstrap             68  48.833824  3.339256  40.9  58.0            68  18.420588  1.135395  16.4  20.8   
Gentoo               123  47.504878  3.081857  40.9  59.6           123  14.982114  0.981220  13.1  17.3   

          flipper_length_mm                                     body_mass_g                                           
                      count        mean       std    min    max       count         mean         std     min     max  
species                                                                                                               
Adelie                  151  189.953642  6.539457  172.0  210.0         151  3700.662252  458.566126  2850.0  4775.0  
Chinstrap                68  195.823529  7.131894  178.0  212.0          68  3733.088235  384.335081  2700.0  4800.0  
Gentoo                  123  217.186992  6.484976  203.0  231.0         123  5076.016260  504.116237  3950.0  6300.0  
2026-06-08 11:49:56 | INFO | EDA-NB | --------------- Improving the output ---------------
2026-06-08 11:49:56 | DEBUG | EDA-NB | 
                             count         mean         std     min     max
species                                                                    
Adelie    bill_length_mm       151    38.791391    2.663405    32.1    46.0
          bill_depth_mm        151    18.346358    1.216650    15.5    21.5
          flipper_length_mm    151   189.953642    6.539457   172.0   210.0
          body_mass_g          151  3700.662252  458.566126  2850.0  4775.0
Chinstrap bill_length_mm        68    48.833824    3.339256    40.9    58.0
          bill_depth_mm         68    18.420588    1.135395    16.4    20.8
          flipper_length_mm     68   195.823529    7.131894   178.0   212.0
          body_mass_g           68  3733.088235  384.335081  2700.0  4800.0
Gentoo    bill_length_mm       123    47.504878    3.081857    40.9    59.6
          bill_depth_mm        123    14.982114    0.981220    13.1    17.3
          flipper_length_mm    123   217.186992    6.484976   203.0   231.0
          body_mass_g          123  5076.016260  504.116237  3950.0  6300.0
2026-06-08 11:49:56 | INFO | EDA-NB | Computing correlation matrix for numeric columns
2026-06-08 11:49:56 | INFO | EDA-NB | 
Correlation matrix:
2026-06-08 11:49:56 | DEBUG | EDA-NB | 
                   bill_length_mm  bill_depth_mm  flipper_length_mm  body_mass_g
bill_length_mm           1.000000      -0.235053           0.656181     0.595110
bill_depth_mm           -0.235053       1.000000          -0.583851    -0.471916
flipper_length_mm        0.656181      -0.583851           1.000000     0.871202
body_mass_g              0.595110      -0.471916           0.871202     1.000000
2026-06-08 11:49:56 | INFO | EDA-NB | ---------Visualize Correlation Matrix as a Heatmap---------------
2026-06-08 11:49:57 | INFO | EDA-NB | ---- Creating Scatter Plot to see Relationships ------
2026-06-08 11:49:57 | INFO | EDA-NB | ----   Use clean dataframe ---------------------------
2026-06-08 11:49:57 | INFO | EDA-NB | ----   Set x to flipper length -----------------------
2026-06-08 11:49:57 | INFO | EDA-NB | ----   Set y to bill length --------------------------
2026-06-08 11:49:57 | INFO | EDA-NB | ----   Set the hue (color mapping) to the group column --
2026-06-08 11:49:57 | INFO | EDA-NB | ------- Creating another chart -------
2026-06-08 11:49:57 | INFO | EDA-NB | ------ Creating Box Plot to see Distribution: ---------
2026-06-08 11:49:57 | INFO | EDA-NB | ------   Use clean dataframe --------------------------
2026-06-08 11:49:57 | INFO | EDA-NB | ------   Set x to the group column --------------------
2026-06-08 11:49:57 | INFO | EDA-NB | ------   Set y to flipper length ----------------------
2026-06-08 11:49:57 | INFO | EDA-NB | ========================
2026-06-08 11:49:57 | INFO | EDA-NB | SUMMARY
2026-06-08 11:49:57 | INFO | EDA-NB | ========================
2026-06-08 11:49:57 | INFO | EDA-NB | Dataset: penguins
2026-06-08 11:49:57 | INFO | EDA-NB | Original rows: 344
2026-06-08 11:49:57 | INFO | EDA-NB | Clean rows:    342
2026-06-08 11:49:57 | INFO | EDA-NB | Groups found in species: ['Adelie', 'Chinstrap', 'Gentoo']
2026-06-08 11:49:57 | INFO | EDA-NB | Strongest correlation: 
2026-06-08 11:49:57 | INFO | EDA-NB |   flipper_length_mm and body_mass_g (~0.87)
2026-06-08 11:49:57 | INFO | EDA-NB | Suggested next step: 
2026-06-08 11:49:57 | INFO | EDA-NB |   Model body_mass_g ~ flipper_length_mm with linear regression
2026-06-08 11:49:57 | INFO | EDA-NB | EDA workflow complete
2026-06-08 11:49:57 | INFO | EDA-NB | IMPORTANT: This script creates chart windows.
2026-06-08 11:49:57 | INFO | EDA-NB | Close any chart windows and terminate this process with CTRL+c as needed.
2026-06-08 11:49:57 | INFO | EDA-NB | ========================
2026-06-08 11:49:57 | INFO | EDA-NB | Executed successfully!
2026-06-08 11:49:57 | INFO | EDA-NB | ========================
2026-06-08 12:44:55 | INFO | EDA | === RUN START ===
2026-06-08 12:44:55 | INFO | EDA | project=EDA
2026-06-08 12:44:55 | INFO | EDA | repo_dir=datafun-04-notebooks
2026-06-08 12:44:55 | INFO | EDA | python=3.14.5
2026-06-08 12:44:55 | INFO | EDA | os=Windows 11
2026-06-08 12:44:55 | INFO | EDA | shell=powershell
2026-06-08 12:44:55 | INFO | EDA | cwd=.
2026-06-08 12:44:55 | INFO | EDA | github_actions=False
2026-06-08 12:44:55 | INFO | EDA | ========================
2026-06-08 12:44:55 | INFO | EDA | START main()
2026-06-08 12:44:55 | INFO | EDA | ========================
2026-06-08 12:44:55 | INFO | EDA | --- Section 2: Load dataset: penguins ---
2026-06-08 12:44:55 | INFO | EDA | Loading dataset: penguins
2026-06-08 12:44:55 | INFO | EDA | Loaded: 344 rows, 7 columns
2026-06-08 12:44:55 | INFO | EDA | --- Section 3: Inspect shape and basic structure ---
2026-06-08 12:44:55 | INFO | EDA | Previewing first few rows of the dataset
2026-06-08 12:44:55 | DEBUG | EDA | 
  species     island  bill_length_mm  bill_depth_mm  flipper_length_mm  body_mass_g     sex
0  Adelie  Torgersen            39.1           18.7              181.0       3750.0    Male
1  Adelie  Torgersen            39.5           17.4              186.0       3800.0  Female
2  Adelie  Torgersen            40.3           18.0              195.0       3250.0  Female
3  Adelie  Torgersen             NaN            NaN                NaN          NaN     NaN
4  Adelie  Torgersen            36.7           19.3              193.0       3450.0  Female
2026-06-08 12:44:55 | INFO | EDA | Column names
2026-06-08 12:44:55 | DEBUG | EDA | ['species', 'island', 'bill_length_mm', 'bill_depth_mm', 'flipper_length_mm', 'body_mass_g', 'sex']
2026-06-08 12:44:55 | INFO | EDA | DataFrame info (types and non-null counts)
2026-06-08 12:44:55 | INFO | EDA | Dataset shape: 344 rows, 7 columns
2026-06-08 12:44:55 | INFO | EDA | --- Section 4: Create Data Dictionary and Check Data Quality ---
2026-06-08 12:44:55 | INFO | EDA | Building starter data dictionary
2026-06-08 12:44:55 | DEBUG | EDA | 
              column    dtype  missing_count  missing_pct
0            species      str              0         0.00
1             island      str              0         0.00
2     bill_length_mm  float64              2         0.58
3      bill_depth_mm  float64              2         0.58
4  flipper_length_mm  float64              2         0.58
5        body_mass_g  float64              2         0.58
6                sex      str             11         3.20
2026-06-08 12:44:55 | INFO | EDA | Missing values per column:
2026-06-08 12:44:55 | INFO | EDA | 
species               0
island                0
bill_length_mm        2
bill_depth_mm         2
flipper_length_mm     2
body_mass_g           2
sex                  11
dtype: int64
2026-06-08 12:44:55 | INFO | EDA | Checking missing values per column
2026-06-08 12:44:55 | DEBUG | EDA | 
sex                  11
bill_depth_mm         2
bill_length_mm        2
flipper_length_mm     2
body_mass_g           2
island                0
species               0
dtype: int64
2026-06-08 12:44:55 | INFO | EDA | Duplicate rows detected: 0
2026-06-08 12:44:55 | INFO | EDA | Call describe() for numeric columns
2026-06-08 12:44:55 | DEBUG | EDA | 
       bill_length_mm  bill_depth_mm  flipper_length_mm  body_mass_g
count      342.000000     342.000000         342.000000   342.000000
mean        43.921930      17.151170         200.915205  4201.754386
std          5.459584       1.974793          14.061714   801.954536
min         32.100000      13.100000         172.000000  2700.000000
25%         39.225000      15.600000         190.000000  3550.000000
50%         44.450000      17.300000         197.000000  4050.000000
75%         48.500000      18.700000         213.000000  4750.000000
max         59.600000      21.500000         231.000000  6300.000000

2026-06-08 12:44:55 | INFO | EDA | --- Section 5: Create a cleaned view for EDA ---
2026-06-08 12:44:55 | INFO | EDA | Creating cleaned view for EDA (dropping rows with key missing values)
2026-06-08 12:44:55 | DEBUG | EDA | Columns required to be non-missing: ['bill_length_mm', 'bill_depth_mm', 'flipper_length_mm', 'body_mass_g', 'species']
2026-06-08 12:44:55 | INFO | EDA | Original rows: 344
2026-06-08 12:44:55 | INFO | EDA | Clean rows:    342
2026-06-08 12:44:55 | INFO | EDA | Rows dropped:  2
2026-06-08 12:44:55 | INFO | EDA | --- Section 6: Descriptive statistics for numeric columns ---
2026-06-08 12:44:55 | INFO | EDA | --------------- Manual statistics ---------------
2026-06-08 12:44:55 | DEBUG | EDA | Body Mass Statistics (using numpy):
2026-06-08 12:44:55 | DEBUG | EDA |   Mean: 4201.75 g
2026-06-08 12:44:55 | DEBUG | EDA |   Std Dev: 800.78 g
2026-06-08 12:44:55 | DEBUG | EDA |   Min: 2700.00 g
2026-06-08 12:44:55 | DEBUG | EDA |   Max: 6300.00 g
2026-06-08 12:44:55 | DEBUG | EDA |   Range: 3600.00 g
2026-06-08 12:44:55 | INFO | EDA | --------------- Using pandas describe() method ---------------
2026-06-08 12:44:55 | INFO | EDA | Computing overall descriptive statistics
2026-06-08 12:44:55 | DEBUG | EDA | 
                   count         mean         std     min       25%      50%     75%     max
bill_length_mm     342.0    43.921930    5.459584    32.1    39.225    44.45    48.5    59.6
bill_depth_mm      342.0    17.151170    1.974793    13.1    15.600    17.30    18.7    21.5
flipper_length_mm  342.0   200.915205   14.061714   172.0   190.000   197.00   213.0   231.0
body_mass_g        342.0  4201.754386  801.954536  2700.0  3550.000  4050.00  4750.0  6300.0
2026-06-08 12:44:55 | INFO | EDA | --------------- Using pandas groupby() and agg() ---------------
2026-06-08 12:44:55 | INFO | EDA | Computing descriptive statistics by group
2026-06-08 12:44:55 | DEBUG | EDA | 
          bill_length_mm                                  bill_depth_mm                                   \
                   count       mean       std   min   max         count       mean       std   min   max   
species                                                                                                    
Adelie               151  38.791391  2.663405  32.1  46.0           151  18.346358  1.216650  15.5  21.5   
Chinstrap             68  48.833824  3.339256  40.9  58.0            68  18.420588  1.135395  16.4  20.8   
Gentoo               123  47.504878  3.081857  40.9  59.6           123  14.982114  0.981220  13.1  17.3   

          flipper_length_mm                                     body_mass_g                                           
                      count        mean       std    min    max       count         mean         std     min     max  
species                                                                                                               
Adelie                  151  189.953642  6.539457  172.0  210.0         151  3700.662252  458.566126  2850.0  4775.0  
Chinstrap                68  195.823529  7.131894  178.0  212.0          68  3733.088235  384.335081  2700.0  4800.0  
Gentoo                  123  217.186992  6.484976  203.0  231.0         123  5076.016260  504.116237  3950.0  6300.0  
2026-06-08 12:44:55 | INFO | EDA | 
Stacked view - easier to read in logs:
2026-06-08 12:44:55 | DEBUG | EDA | 
                             count         mean         std     min     max
species                                                                    
Adelie    bill_length_mm       151    38.791391    2.663405    32.1    46.0
          bill_depth_mm        151    18.346358    1.216650    15.5    21.5
          flipper_length_mm    151   189.953642    6.539457   172.0   210.0
          body_mass_g          151  3700.662252  458.566126  2850.0  4775.0
Chinstrap bill_length_mm        68    48.833824    3.339256    40.9    58.0
          bill_depth_mm         68    18.420588    1.135395    16.4    20.8
          flipper_length_mm     68   195.823529    7.131894   178.0   212.0
          body_mass_g           68  3733.088235  384.335081  2700.0  4800.0
Gentoo    bill_length_mm       123    47.504878    3.081857    40.9    59.6
          bill_depth_mm        123    14.982114    0.981220    13.1    17.3
          flipper_length_mm    123   217.186992    6.484976   203.0   231.0
          body_mass_g          123  5076.016260  504.116237  3950.0  6300.0
2026-06-08 12:44:55 | INFO | EDA | --- Section 7: Correlation matrix for numeric columns ---
2026-06-08 12:44:55 | INFO | EDA | Computing correlation matrix for numeric columns
2026-06-08 12:44:55 | INFO | EDA | 
Correlation matrix:
2026-06-08 12:44:55 | DEBUG | EDA | 
                   bill_length_mm  bill_depth_mm  flipper_length_mm  body_mass_g
bill_length_mm           1.000000      -0.235053           0.656181     0.595110
bill_depth_mm           -0.235053       1.000000          -0.583851    -0.471916
flipper_length_mm        0.656181      -0.583851           1.000000     0.871202
body_mass_g              0.595110      -0.471916           0.871202     1.000000
2026-06-08 12:44:55 | INFO | EDA | ---------Visualize Correlation Matrix as a Heatmap---------------
2026-06-08 12:44:55 | INFO | EDA | 
CUSTOM: Update these notes and use Markdown cells to narrate and tell the story as you explore. For example:

Interpretation:

 - Values close to 1 (dark red) = strong positive correlation (both increase together)
 - Values close to -1 (dark blue) = strong negative correlation (one increases, other decreases)
 - Values close to 0 (white) = little or no linear relationship
 - The diagonal is always 1 (each variable correlates perfectly with itself)

From this heatmap, we can see that flipper_length_mm and body_mass_g show strong positive correlation (~0.87).

2026-06-08 12:44:55 | INFO | EDA | --- Section 8: Charts ---
2026-06-08 12:44:55 | INFO | EDA | ---- Creating Scatter Plot to see Relationships ------
2026-06-08 12:44:55 | INFO | EDA | ----   Use clean dataframe ---------------------------
2026-06-08 12:44:55 | INFO | EDA | ----   Set x to flipper length -----------------------
2026-06-08 12:44:55 | INFO | EDA | ----   Set y to bill length --------------------------
2026-06-08 12:44:55 | INFO | EDA | ----   Set the hue (color mapping) to the group column --
2026-06-08 12:44:55 | INFO | EDA | ------ Creating Box Plot to see Distribution: ---------
2026-06-08 12:44:55 | INFO | EDA | ------   Use clean dataframe --------------------------
2026-06-08 12:44:55 | INFO | EDA | ------   Set x to the group column --------------------
2026-06-08 12:44:55 | INFO | EDA | ------   Set y to flipper length ----------------------
2026-06-08 12:44:55 | INFO | EDA | --- Section 9: Summary and next steps ---
2026-06-08 12:44:55 | INFO | EDA | ========================
2026-06-08 12:44:55 | INFO | EDA | SUMMARY
2026-06-08 12:44:55 | INFO | EDA | ========================
2026-06-08 12:44:55 | INFO | EDA | Dataset: penguins
2026-06-08 12:44:55 | INFO | EDA | Original rows: 344
2026-06-08 12:44:55 | INFO | EDA | Clean rows:    342
2026-06-08 12:44:55 | INFO | EDA | Groups found in species: ['Adelie', 'Chinstrap', 'Gentoo']
2026-06-08 12:44:55 | INFO | EDA | Strongest correlation: 
2026-06-08 12:44:55 | INFO | EDA |   flipper_length_mm and body_mass_g (~0.87)
2026-06-08 12:44:55 | INFO | EDA | Suggested next step: 
2026-06-08 12:44:55 | INFO | EDA |   Model body_mass_g ~ flipper_length_mm with linear regression
2026-06-08 12:44:55 | INFO | EDA | ----- in a script, call plt.show() once at the end to display all charts -----
2026-06-08 12:44:55 | INFO | EDA | ----- in a script, close the chart windows (with the close button) to continue  -----
2026-06-08 12:44:58 | INFO | EDA | EDA workflow complete
2026-06-08 12:44:58 | INFO | EDA | IMPORTANT: This script creates chart windows.
2026-06-08 12:44:58 | INFO | EDA | Close any chart windows and terminate this process with CTRL+c as needed.
2026-06-08 12:44:58 | INFO | EDA | ========================
2026-06-08 12:44:58 | INFO | EDA | Executed successfully!
2026-06-08 12:44:58 | INFO | EDA | ========================
2026-06-08 12:45:23 | INFO | EDA | Loading dataset: penguins
2026-06-08 12:45:23 | INFO | EDA | Loaded: 344 rows, 7 columns
2026-06-08 12:45:23 | INFO | EDA | Loading dataset: penguins
2026-06-08 12:45:23 | INFO | EDA | Loaded: 344 rows, 7 columns
2026-06-08 12:45:23 | INFO | EDA | Loading dataset: penguins
2026-06-08 12:45:23 | INFO | EDA | Loaded: 344 rows, 7 columns
2026-06-08 12:45:23 | INFO | EDA | Loading dataset: penguins
2026-06-08 12:45:23 | INFO | EDA | Loaded: 344 rows, 7 columns
2026-06-08 12:45:23 | INFO | EDA | Creating cleaned view for EDA (dropping rows with key missing values)
2026-06-08 12:45:23 | DEBUG | EDA | Columns required to be non-missing: ['bill_length_mm', 'bill_depth_mm', 'flipper_length_mm', 'body_mass_g', 'species']
2026-06-08 12:45:23 | INFO | EDA | Original rows: 344
2026-06-08 12:45:23 | INFO | EDA | Clean rows:    342
2026-06-08 12:45:23 | INFO | EDA | Rows dropped:  2
2026-06-08 12:45:23 | INFO | EDA | Computing correlation matrix for numeric columns
2026-06-08 12:45:23 | INFO | EDA | 
Correlation matrix:
2026-06-08 12:45:23 | DEBUG | EDA | 
                   bill_length_mm  bill_depth_mm  flipper_length_mm  body_mass_g
bill_length_mm           1.000000      -0.235053           0.656181     0.595110
bill_depth_mm           -0.235053       1.000000          -0.583851    -0.471916
flipper_length_mm        0.656181      -0.583851           1.000000     0.871202
body_mass_g              0.595110      -0.471916           0.871202     1.000000
2026-06-08 12:45:23 | INFO | EDA | ---------Visualize Correlation Matrix as a Heatmap---------------
2026-06-08 12:45:23 | INFO | EDA | 
CUSTOM: Update these notes and use Markdown cells to narrate and tell the story as you explore. For example:

Interpretation:

 - Values close to 1 (dark red) = strong positive correlation (both increase together)
 - Values close to -1 (dark blue) = strong negative correlation (one increases, other decreases)
 - Values close to 0 (white) = little or no linear relationship
 - The diagonal is always 1 (each variable correlates perfectly with itself)

From this heatmap, we can see that flipper_length_mm and body_mass_g show strong positive correlation (~0.87).

2026-06-08 13:12:59 | INFO | EDA-NB | === RUN START ===
2026-06-08 13:12:59 | INFO | EDA-NB | project=EDA-NB
2026-06-08 13:12:59 | INFO | EDA-NB | repo_dir=datafun-04-notebooks
2026-06-08 13:12:59 | INFO | EDA-NB | python=3.14.5
2026-06-08 13:12:59 | INFO | EDA-NB | os=Windows 11
2026-06-08 13:12:59 | INFO | EDA-NB | shell=powershell
2026-06-08 13:12:59 | INFO | EDA-NB | cwd=notebooks
2026-06-08 13:12:59 | INFO | EDA-NB | github_actions=False
2026-06-08 13:12:59 | INFO | EDA-NB | Imports complete.
2026-06-08 13:12:59 | INFO | EDA-NB | Loading dataset: penguins
2026-06-08 13:12:59 | INFO | EDA-NB | Loaded: 344 rows, 7 columns
2026-06-08 13:12:59 | INFO | EDA-NB | Previewing first few rows of the dataset
2026-06-08 13:12:59 | INFO | EDA-NB | Column names
2026-06-08 13:12:59 | INFO | EDA-NB | DataFrame info (types and non-null counts)
2026-06-08 13:12:59 | INFO | EDA-NB | Dataset shape: 344 rows, 7 columns
2026-06-08 13:12:59 | INFO | EDA-NB | Building starter data dictionary
2026-06-08 13:12:59 | DEBUG | EDA-NB | 
              column    dtype  missing_count  missing_pct
0            species      str              0         0.00
1             island      str              0         0.00
2     bill_length_mm  float64              2         0.58
3      bill_depth_mm  float64              2         0.58
4  flipper_length_mm  float64              2         0.58
5        body_mass_g  float64              2         0.58
6                sex      str             11         3.20
2026-06-08 13:12:59 | INFO | EDA-NB | Missing values per column:
2026-06-08 13:12:59 | INFO | EDA-NB | species               0
island                0
bill_length_mm        2
bill_depth_mm         2
flipper_length_mm     2
body_mass_g           2
sex                  11
dtype: int64
2026-06-08 13:12:59 | INFO | EDA-NB | Checking missing values per column
2026-06-08 13:12:59 | DEBUG | EDA-NB | 
sex                  11
bill_depth_mm         2
bill_length_mm        2
flipper_length_mm     2
body_mass_g           2
island                0
species               0
dtype: int64
2026-06-08 13:12:59 | INFO | EDA-NB | Duplicate rows detected: 0
2026-06-08 13:12:59 | INFO | EDA-NB | Call describe() for numeric columns
2026-06-08 13:12:59 | DEBUG | EDA-NB | 
       bill_length_mm  bill_depth_mm  flipper_length_mm  body_mass_g
count      342.000000     342.000000         342.000000   342.000000
mean        43.921930      17.151170         200.915205  4201.754386
std          5.459584       1.974793          14.061714   801.954536
min         32.100000      13.100000         172.000000  2700.000000
25%         39.225000      15.600000         190.000000  3550.000000
50%         44.450000      17.300000         197.000000  4050.000000
75%         48.500000      18.700000         213.000000  4750.000000
max         59.600000      21.500000         231.000000  6300.000000

2026-06-08 13:12:59 | DEBUG | EDA-NB | Columns required to be non-missing: ['bill_length_mm', 'bill_depth_mm', 'flipper_length_mm', 'body_mass_g', 'species']
2026-06-08 13:12:59 | INFO | EDA-NB | Original rows: 344
2026-06-08 13:12:59 | INFO | EDA-NB | Clean rows:    342
2026-06-08 13:12:59 | INFO | EDA-NB | Rows dropped:  2
2026-06-08 13:12:59 | INFO | EDA-NB | --------------- Manual statistics ---------------
2026-06-08 13:12:59 | INFO | EDA-NB | Body Mass Statistics (using numpy):
2026-06-08 13:12:59 | INFO | EDA-NB |   Mean: 4201.75 g
2026-06-08 13:12:59 | INFO | EDA-NB |   Std Dev: 800.78 g
2026-06-08 13:12:59 | INFO | EDA-NB |   Min: 2700.00 g
2026-06-08 13:12:59 | INFO | EDA-NB |   Max: 6300.00 g
2026-06-08 13:12:59 | INFO | EDA-NB |   Range: 3600.00 g
2026-06-08 13:12:59 | INFO | EDA-NB | Computing overall descriptive statistics
2026-06-08 13:12:59 | DEBUG | EDA-NB | 
                   count         mean         std     min       25%      50%     75%     max
bill_length_mm     342.0    43.921930    5.459584    32.1    39.225    44.45    48.5    59.6
bill_depth_mm      342.0    17.151170    1.974793    13.1    15.600    17.30    18.7    21.5
flipper_length_mm  342.0   200.915205   14.061714   172.0   190.000   197.00   213.0   231.0
body_mass_g        342.0  4201.754386  801.954536  2700.0  3550.000  4050.00  4750.0  6300.0
2026-06-08 13:12:59 | INFO | EDA-NB | --------------- Using pandas groupby() and agg() ---------------
2026-06-08 13:12:59 | INFO | EDA-NB | Computing descriptive statistics by group
2026-06-08 13:12:59 | DEBUG | EDA-NB | 
          bill_length_mm                                  bill_depth_mm                                   \
                   count       mean       std   min   max         count       mean       std   min   max   
species                                                                                                    
Adelie               151  38.791391  2.663405  32.1  46.0           151  18.346358  1.216650  15.5  21.5   
Chinstrap             68  48.833824  3.339256  40.9  58.0            68  18.420588  1.135395  16.4  20.8   
Gentoo               123  47.504878  3.081857  40.9  59.6           123  14.982114  0.981220  13.1  17.3   

          flipper_length_mm                                     body_mass_g                                           
                      count        mean       std    min    max       count         mean         std     min     max  
species                                                                                                               
Adelie                  151  189.953642  6.539457  172.0  210.0         151  3700.662252  458.566126  2850.0  4775.0  
Chinstrap                68  195.823529  7.131894  178.0  212.0          68  3733.088235  384.335081  2700.0  4800.0  
Gentoo                  123  217.186992  6.484976  203.0  231.0         123  5076.016260  504.116237  3950.0  6300.0  
2026-06-08 13:12:59 | INFO | EDA-NB | --------------- Improving the output ---------------
2026-06-08 13:12:59 | DEBUG | EDA-NB | 
                             count         mean         std     min     max
species                                                                    
Adelie    bill_length_mm       151    38.791391    2.663405    32.1    46.0
          bill_depth_mm        151    18.346358    1.216650    15.5    21.5
          flipper_length_mm    151   189.953642    6.539457   172.0   210.0
          body_mass_g          151  3700.662252  458.566126  2850.0  4775.0
Chinstrap bill_length_mm        68    48.833824    3.339256    40.9    58.0
          bill_depth_mm         68    18.420588    1.135395    16.4    20.8
          flipper_length_mm     68   195.823529    7.131894   178.0   212.0
          body_mass_g           68  3733.088235  384.335081  2700.0  4800.0
Gentoo    bill_length_mm       123    47.504878    3.081857    40.9    59.6
          bill_depth_mm        123    14.982114    0.981220    13.1    17.3
          flipper_length_mm    123   217.186992    6.484976   203.0   231.0
          body_mass_g          123  5076.016260  504.116237  3950.0  6300.0
2026-06-08 13:12:59 | INFO | EDA-NB | Computing correlation matrix for numeric columns
2026-06-08 13:12:59 | INFO | EDA-NB | 
Correlation matrix:
2026-06-08 13:12:59 | DEBUG | EDA-NB | 
                   bill_length_mm  bill_depth_mm  flipper_length_mm  body_mass_g
bill_length_mm           1.000000      -0.235053           0.656181     0.595110
bill_depth_mm           -0.235053       1.000000          -0.583851    -0.471916
flipper_length_mm        0.656181      -0.583851           1.000000     0.871202
body_mass_g              0.595110      -0.471916           0.871202     1.000000
2026-06-08 13:12:59 | INFO | EDA-NB | ---------Visualize Correlation Matrix as a Heatmap---------------
2026-06-08 13:13:00 | INFO | EDA-NB | ---- Creating Scatter Plot to see Relationships ------
2026-06-08 13:13:00 | INFO | EDA-NB | ----   Use clean dataframe ---------------------------
2026-06-08 13:13:00 | INFO | EDA-NB | ----   Set x to flipper length -----------------------
2026-06-08 13:13:00 | INFO | EDA-NB | ----   Set y to bill length --------------------------
2026-06-08 13:13:00 | INFO | EDA-NB | ----   Set the hue (color mapping) to the group column --
2026-06-08 13:13:00 | INFO | EDA-NB | ------- Creating another chart -------
2026-06-08 13:13:00 | INFO | EDA-NB | ------ Creating Box Plot to see Distribution: ---------
2026-06-08 13:13:00 | INFO | EDA-NB | ------   Use clean dataframe --------------------------
2026-06-08 13:13:00 | INFO | EDA-NB | ------   Set x to the group column --------------------
2026-06-08 13:13:00 | INFO | EDA-NB | ------   Set y to flipper length ----------------------
2026-06-08 13:13:00 | INFO | EDA-NB | ------- Creating another chart -------
2026-06-08 13:13:00 | INFO | EDA-NB | ---- Creating Scatter Plot to see Relationships ------
2026-06-08 13:13:00 | INFO | EDA-NB | ----   Use clean dataframe ---------------------------
2026-06-08 13:13:00 | INFO | EDA-NB | ----   Set x to sex -----------------------
2026-06-08 13:13:00 | INFO | EDA-NB | ----   Set y to flipper length --------------------------
2026-06-08 13:13:00 | INFO | EDA-NB | ----   Set the hue (color mapping) to the group column --
2026-06-08 13:13:00 | INFO | EDA-NB | ========================
2026-06-08 13:13:00 | INFO | EDA-NB | SUMMARY
2026-06-08 13:13:00 | INFO | EDA-NB | ========================
2026-06-08 13:13:00 | INFO | EDA-NB | Dataset: penguins
2026-06-08 13:13:00 | INFO | EDA-NB | Original rows: 344
2026-06-08 13:13:00 | INFO | EDA-NB | Clean rows:    342
2026-06-08 13:13:00 | INFO | EDA-NB | Groups found in species: ['Adelie', 'Chinstrap', 'Gentoo']
2026-06-08 13:13:00 | INFO | EDA-NB | Strongest correlation: 
2026-06-08 13:13:00 | INFO | EDA-NB |   flipper_length_mm and body_mass_g (~0.87)
2026-06-08 13:13:00 | INFO | EDA-NB | Suggested next step: 
2026-06-08 13:13:00 | INFO | EDA-NB |   Model body_mass_g ~ flipper_length_mm with linear regression
2026-06-08 13:13:00 | INFO | EDA-NB | EDA workflow complete
2026-06-08 13:13:00 | INFO | EDA-NB | IMPORTANT: This script creates chart windows.
2026-06-08 13:13:00 | INFO | EDA-NB | Close any chart windows and terminate this process with CTRL+c as needed.
2026-06-08 13:13:00 | INFO | EDA-NB | ========================
2026-06-08 13:13:00 | INFO | EDA-NB | Executed successfully!
2026-06-08 13:13:00 | INFO | EDA-NB | ========================
2026-06-08 13:15:25 | INFO | EDA-NB | ------- Creating another chart -------
2026-06-08 13:15:25 | INFO | EDA-NB | ------ Creating Box Plot to see Distribution: ---------
2026-06-08 13:15:25 | INFO | EDA-NB | ------   Use clean dataframe --------------------------
2026-06-08 13:15:25 | INFO | EDA-NB | ------   Set x to sex ---------------------------------
2026-06-08 13:15:25 | INFO | EDA-NB | ------   Set y to flipper length ----------------------
2026-06-08 13:15:25 | INFO | EDA-NB | ========================
2026-06-08 13:15:25 | INFO | EDA-NB | SUMMARY
2026-06-08 13:15:25 | INFO | EDA-NB | ========================
2026-06-08 13:15:25 | INFO | EDA-NB | Dataset: penguins
2026-06-08 13:15:25 | INFO | EDA-NB | Original rows: 344
2026-06-08 13:15:25 | INFO | EDA-NB | Clean rows:    342
2026-06-08 13:15:25 | INFO | EDA-NB | Groups found in species: ['Adelie', 'Chinstrap', 'Gentoo']
2026-06-08 13:15:25 | INFO | EDA-NB | Strongest correlation: 
2026-06-08 13:15:25 | INFO | EDA-NB |   flipper_length_mm and body_mass_g (~0.87)
2026-06-08 13:15:25 | INFO | EDA-NB | Suggested next step: 
2026-06-08 13:15:25 | INFO | EDA-NB |   Model body_mass_g ~ flipper_length_mm with linear regression
2026-06-08 13:15:25 | INFO | EDA-NB | EDA workflow complete
2026-06-08 13:15:25 | INFO | EDA-NB | IMPORTANT: This script creates chart windows.
2026-06-08 13:15:25 | INFO | EDA-NB | Close any chart windows and terminate this process with CTRL+c as needed.
2026-06-08 13:15:25 | INFO | EDA-NB | ========================
2026-06-08 13:15:25 | INFO | EDA-NB | Executed successfully!
2026-06-08 13:15:25 | INFO | EDA-NB | ========================
2026-06-08 13:15:49 | INFO | EDA-NB | ------- Creating another chart -------
2026-06-08 13:15:49 | INFO | EDA-NB | ------ Creating Box Plot to see Distribution: ---------
2026-06-08 13:15:49 | INFO | EDA-NB | ------   Use clean dataframe --------------------------
2026-06-08 13:15:49 | INFO | EDA-NB | ------   Set x to sex ---------------------------------
2026-06-08 13:15:49 | INFO | EDA-NB | ------   Set y to flipper length ----------------------
2026-06-08 13:15:49 | INFO | EDA-NB | ========================
2026-06-08 13:15:49 | INFO | EDA-NB | SUMMARY
2026-06-08 13:15:49 | INFO | EDA-NB | ========================
2026-06-08 13:15:49 | INFO | EDA-NB | Dataset: penguins
2026-06-08 13:15:49 | INFO | EDA-NB | Original rows: 344
2026-06-08 13:15:49 | INFO | EDA-NB | Clean rows:    342
2026-06-08 13:15:49 | INFO | EDA-NB | Groups found in species: ['Adelie', 'Chinstrap', 'Gentoo']
2026-06-08 13:15:49 | INFO | EDA-NB | Strongest correlation: 
2026-06-08 13:15:49 | INFO | EDA-NB |   flipper_length_mm and body_mass_g (~0.87)
2026-06-08 13:15:49 | INFO | EDA-NB | Suggested next step: 
2026-06-08 13:15:49 | INFO | EDA-NB |   Model body_mass_g ~ flipper_length_mm with linear regression
2026-06-08 13:15:49 | INFO | EDA-NB | EDA workflow complete
2026-06-08 13:15:49 | INFO | EDA-NB | IMPORTANT: This script creates chart windows.
2026-06-08 13:15:49 | INFO | EDA-NB | Close any chart windows and terminate this process with CTRL+c as needed.
2026-06-08 13:15:49 | INFO | EDA-NB | ========================
2026-06-08 13:15:49 | INFO | EDA-NB | Executed successfully!
2026-06-08 13:15:49 | INFO | EDA-NB | ========================
2026-06-08 13:18:21 | INFO | EDA-NB | === RUN START ===
2026-06-08 13:18:21 | INFO | EDA-NB | project=EDA-NB
2026-06-08 13:18:21 | INFO | EDA-NB | repo_dir=datafun-04-notebooks
2026-06-08 13:18:21 | INFO | EDA-NB | python=3.14.5
2026-06-08 13:18:21 | INFO | EDA-NB | os=Windows 11
2026-06-08 13:18:21 | INFO | EDA-NB | shell=powershell
2026-06-08 13:18:21 | INFO | EDA-NB | cwd=notebooks
2026-06-08 13:18:21 | INFO | EDA-NB | github_actions=False
2026-06-08 13:18:21 | INFO | EDA-NB | Imports complete.
2026-06-08 13:18:21 | INFO | EDA-NB | Loading dataset: penguins
2026-06-08 13:18:21 | INFO | EDA-NB | Loaded: 344 rows, 7 columns
2026-06-08 13:18:21 | INFO | EDA-NB | Previewing first few rows of the dataset
2026-06-08 13:18:21 | INFO | EDA-NB | Column names
2026-06-08 13:18:21 | INFO | EDA-NB | DataFrame info (types and non-null counts)
2026-06-08 13:18:21 | INFO | EDA-NB | Dataset shape: 344 rows, 7 columns
2026-06-08 13:18:21 | INFO | EDA-NB | Building starter data dictionary
2026-06-08 13:18:21 | DEBUG | EDA-NB | 
              column    dtype  missing_count  missing_pct
0            species      str              0         0.00
1             island      str              0         0.00
2     bill_length_mm  float64              2         0.58
3      bill_depth_mm  float64              2         0.58
4  flipper_length_mm  float64              2         0.58
5        body_mass_g  float64              2         0.58
6                sex      str             11         3.20
2026-06-08 13:18:21 | INFO | EDA-NB | Missing values per column:
2026-06-08 13:18:21 | INFO | EDA-NB | species               0
island                0
bill_length_mm        2
bill_depth_mm         2
flipper_length_mm     2
body_mass_g           2
sex                  11
dtype: int64
2026-06-08 13:18:21 | INFO | EDA-NB | Checking missing values per column
2026-06-08 13:18:21 | DEBUG | EDA-NB | 
sex                  11
bill_depth_mm         2
bill_length_mm        2
flipper_length_mm     2
body_mass_g           2
island                0
species               0
dtype: int64
2026-06-08 13:18:21 | INFO | EDA-NB | Duplicate rows detected: 0
2026-06-08 13:18:21 | INFO | EDA-NB | Call describe() for numeric columns
2026-06-08 13:18:21 | DEBUG | EDA-NB | 
       bill_length_mm  bill_depth_mm  flipper_length_mm  body_mass_g
count      342.000000     342.000000         342.000000   342.000000
mean        43.921930      17.151170         200.915205  4201.754386
std          5.459584       1.974793          14.061714   801.954536
min         32.100000      13.100000         172.000000  2700.000000
25%         39.225000      15.600000         190.000000  3550.000000
50%         44.450000      17.300000         197.000000  4050.000000
75%         48.500000      18.700000         213.000000  4750.000000
max         59.600000      21.500000         231.000000  6300.000000

2026-06-08 13:18:21 | DEBUG | EDA-NB | Columns required to be non-missing: ['bill_length_mm', 'bill_depth_mm', 'flipper_length_mm', 'body_mass_g', 'species']
2026-06-08 13:18:21 | INFO | EDA-NB | Original rows: 344
2026-06-08 13:18:21 | INFO | EDA-NB | Clean rows:    342
2026-06-08 13:18:21 | INFO | EDA-NB | Rows dropped:  2
2026-06-08 13:18:21 | INFO | EDA-NB | --------------- Manual statistics ---------------
2026-06-08 13:18:21 | INFO | EDA-NB | Body Mass Statistics (using numpy):
2026-06-08 13:18:21 | INFO | EDA-NB |   Mean: 4201.75 g
2026-06-08 13:18:21 | INFO | EDA-NB |   Std Dev: 800.78 g
2026-06-08 13:18:21 | INFO | EDA-NB |   Min: 2700.00 g
2026-06-08 13:18:21 | INFO | EDA-NB |   Max: 6300.00 g
2026-06-08 13:18:21 | INFO | EDA-NB |   Range: 3600.00 g
2026-06-08 13:18:21 | INFO | EDA-NB | Computing overall descriptive statistics
2026-06-08 13:18:21 | DEBUG | EDA-NB | 
                   count         mean         std     min       25%      50%     75%     max
bill_length_mm     342.0    43.921930    5.459584    32.1    39.225    44.45    48.5    59.6
bill_depth_mm      342.0    17.151170    1.974793    13.1    15.600    17.30    18.7    21.5
flipper_length_mm  342.0   200.915205   14.061714   172.0   190.000   197.00   213.0   231.0
body_mass_g        342.0  4201.754386  801.954536  2700.0  3550.000  4050.00  4750.0  6300.0
2026-06-08 13:18:21 | INFO | EDA-NB | --------------- Using pandas groupby() and agg() ---------------
2026-06-08 13:18:21 | INFO | EDA-NB | Computing descriptive statistics by group
2026-06-08 13:18:21 | DEBUG | EDA-NB | 
          bill_length_mm                                  bill_depth_mm                                   \
                   count       mean       std   min   max         count       mean       std   min   max   
species                                                                                                    
Adelie               151  38.791391  2.663405  32.1  46.0           151  18.346358  1.216650  15.5  21.5   
Chinstrap             68  48.833824  3.339256  40.9  58.0            68  18.420588  1.135395  16.4  20.8   
Gentoo               123  47.504878  3.081857  40.9  59.6           123  14.982114  0.981220  13.1  17.3   

          flipper_length_mm                                     body_mass_g                                           
                      count        mean       std    min    max       count         mean         std     min     max  
species                                                                                                               
Adelie                  151  189.953642  6.539457  172.0  210.0         151  3700.662252  458.566126  2850.0  4775.0  
Chinstrap                68  195.823529  7.131894  178.0  212.0          68  3733.088235  384.335081  2700.0  4800.0  
Gentoo                  123  217.186992  6.484976  203.0  231.0         123  5076.016260  504.116237  3950.0  6300.0  
2026-06-08 13:18:21 | INFO | EDA-NB | --------------- Improving the output ---------------
2026-06-08 13:18:21 | DEBUG | EDA-NB | 
                             count         mean         std     min     max
species                                                                    
Adelie    bill_length_mm       151    38.791391    2.663405    32.1    46.0
          bill_depth_mm        151    18.346358    1.216650    15.5    21.5
          flipper_length_mm    151   189.953642    6.539457   172.0   210.0
          body_mass_g          151  3700.662252  458.566126  2850.0  4775.0
Chinstrap bill_length_mm        68    48.833824    3.339256    40.9    58.0
          bill_depth_mm         68    18.420588    1.135395    16.4    20.8
          flipper_length_mm     68   195.823529    7.131894   178.0   212.0
          body_mass_g           68  3733.088235  384.335081  2700.0  4800.0
Gentoo    bill_length_mm       123    47.504878    3.081857    40.9    59.6
          bill_depth_mm        123    14.982114    0.981220    13.1    17.3
          flipper_length_mm    123   217.186992    6.484976   203.0   231.0
          body_mass_g          123  5076.016260  504.116237  3950.0  6300.0
2026-06-08 13:18:21 | INFO | EDA-NB | Computing correlation matrix for numeric columns
2026-06-08 13:18:21 | INFO | EDA-NB | 
Correlation matrix:
2026-06-08 13:18:21 | DEBUG | EDA-NB | 
                   bill_length_mm  bill_depth_mm  flipper_length_mm  body_mass_g
bill_length_mm           1.000000      -0.235053           0.656181     0.595110
bill_depth_mm           -0.235053       1.000000          -0.583851    -0.471916
flipper_length_mm        0.656181      -0.583851           1.000000     0.871202
body_mass_g              0.595110      -0.471916           0.871202     1.000000
2026-06-08 13:18:21 | INFO | EDA-NB | ---------Visualize Correlation Matrix as a Heatmap---------------
2026-06-08 13:18:22 | INFO | EDA-NB | ---- Creating Scatter Plot to see Relationships ------
2026-06-08 13:18:22 | INFO | EDA-NB | ----   Use clean dataframe ---------------------------
2026-06-08 13:18:22 | INFO | EDA-NB | ----   Set x to flipper length -----------------------
2026-06-08 13:18:22 | INFO | EDA-NB | ----   Set y to bill length --------------------------
2026-06-08 13:18:22 | INFO | EDA-NB | ----   Set the hue (color mapping) to the group column --
2026-06-08 13:18:22 | INFO | EDA-NB | ------- Creating another chart -------
2026-06-08 13:18:22 | INFO | EDA-NB | ------ Creating Box Plot to see Distribution: ---------
2026-06-08 13:18:22 | INFO | EDA-NB | ------   Use clean dataframe --------------------------
2026-06-08 13:18:22 | INFO | EDA-NB | ------   Set x to the group column --------------------
2026-06-08 13:18:22 | INFO | EDA-NB | ------   Set y to flipper length ----------------------
2026-06-08 13:18:22 | INFO | EDA-NB | ------- Creating another chart -------
2026-06-08 13:18:22 | INFO | EDA-NB | ------ Creating Box Plot to see Distribution: ---------
2026-06-08 13:18:22 | INFO | EDA-NB | ------   Use clean dataframe --------------------------
2026-06-08 13:18:22 | INFO | EDA-NB | ------   Set x to sex ---------------------------------
2026-06-08 13:18:22 | INFO | EDA-NB | ------   Set y to flipper length ----------------------
2026-06-08 13:18:22 | INFO | EDA-NB | ========================
2026-06-08 13:18:22 | INFO | EDA-NB | SUMMARY
2026-06-08 13:18:22 | INFO | EDA-NB | ========================
2026-06-08 13:18:22 | INFO | EDA-NB | Dataset: penguins
2026-06-08 13:18:22 | INFO | EDA-NB | Original rows: 344
2026-06-08 13:18:22 | INFO | EDA-NB | Clean rows:    342
2026-06-08 13:18:22 | INFO | EDA-NB | Groups found in species: ['Adelie', 'Chinstrap', 'Gentoo']
2026-06-08 13:18:22 | INFO | EDA-NB | Strongest correlation: 
2026-06-08 13:18:22 | INFO | EDA-NB |   flipper_length_mm and body_mass_g (~0.87)
2026-06-08 13:18:22 | INFO | EDA-NB | Suggested next step: 
2026-06-08 13:18:22 | INFO | EDA-NB |   Model body_mass_g ~ flipper_length_mm with linear regression
2026-06-08 13:18:22 | INFO | EDA-NB | EDA workflow complete
2026-06-08 13:18:22 | INFO | EDA-NB | IMPORTANT: This script creates chart windows.
2026-06-08 13:18:22 | INFO | EDA-NB | Close any chart windows and terminate this process with CTRL+c as needed.
2026-06-08 13:18:22 | INFO | EDA-NB | ========================
2026-06-08 13:18:22 | INFO | EDA-NB | Executed successfully!
2026-06-08 13:18:22 | INFO | EDA-NB | ========================
2026-06-08 13:22:45 | INFO | EDA-NB | === RUN START ===
2026-06-08 13:22:45 | INFO | EDA-NB | project=EDA-NB
2026-06-08 13:22:45 | INFO | EDA-NB | repo_dir=datafun-04-notebooks
2026-06-08 13:22:45 | INFO | EDA-NB | python=3.14.5
2026-06-08 13:22:45 | INFO | EDA-NB | os=Windows 11
2026-06-08 13:22:45 | INFO | EDA-NB | shell=powershell
2026-06-08 13:22:45 | INFO | EDA-NB | cwd=notebooks
2026-06-08 13:22:45 | INFO | EDA-NB | github_actions=False
2026-06-08 13:22:45 | INFO | EDA-NB | Imports complete.
2026-06-08 13:22:45 | INFO | EDA-NB | Loading dataset: penguins
2026-06-08 13:22:45 | INFO | EDA-NB | Loaded: 344 rows, 7 columns
2026-06-08 13:22:45 | INFO | EDA-NB | Previewing first few rows of the dataset
2026-06-08 13:22:45 | INFO | EDA-NB | Column names
2026-06-08 13:22:45 | INFO | EDA-NB | DataFrame info (types and non-null counts)
2026-06-08 13:22:45 | INFO | EDA-NB | Dataset shape: 344 rows, 7 columns
2026-06-08 13:22:45 | INFO | EDA-NB | Building starter data dictionary
2026-06-08 13:22:45 | DEBUG | EDA-NB | 
              column    dtype  missing_count  missing_pct
0            species      str              0         0.00
1             island      str              0         0.00
2     bill_length_mm  float64              2         0.58
3      bill_depth_mm  float64              2         0.58
4  flipper_length_mm  float64              2         0.58
5        body_mass_g  float64              2         0.58
6                sex      str             11         3.20
2026-06-08 13:22:45 | INFO | EDA-NB | Missing values per column:
2026-06-08 13:22:45 | INFO | EDA-NB | species               0
island                0
bill_length_mm        2
bill_depth_mm         2
flipper_length_mm     2
body_mass_g           2
sex                  11
dtype: int64
2026-06-08 13:22:45 | INFO | EDA-NB | Checking missing values per column
2026-06-08 13:22:45 | DEBUG | EDA-NB | 
sex                  11
bill_depth_mm         2
bill_length_mm        2
flipper_length_mm     2
body_mass_g           2
island                0
species               0
dtype: int64
2026-06-08 13:22:45 | INFO | EDA-NB | Duplicate rows detected: 0
2026-06-08 13:22:45 | INFO | EDA-NB | Call describe() for numeric columns
2026-06-08 13:22:45 | DEBUG | EDA-NB | 
       bill_length_mm  bill_depth_mm  flipper_length_mm  body_mass_g
count      342.000000     342.000000         342.000000   342.000000
mean        43.921930      17.151170         200.915205  4201.754386
std          5.459584       1.974793          14.061714   801.954536
min         32.100000      13.100000         172.000000  2700.000000
25%         39.225000      15.600000         190.000000  3550.000000
50%         44.450000      17.300000         197.000000  4050.000000
75%         48.500000      18.700000         213.000000  4750.000000
max         59.600000      21.500000         231.000000  6300.000000

2026-06-08 13:22:45 | DEBUG | EDA-NB | Columns required to be non-missing: ['bill_length_mm', 'bill_depth_mm', 'flipper_length_mm', 'body_mass_g', 'species']
2026-06-08 13:22:45 | INFO | EDA-NB | Original rows: 344
2026-06-08 13:22:45 | INFO | EDA-NB | Clean rows:    342
2026-06-08 13:22:45 | INFO | EDA-NB | Rows dropped:  2
2026-06-08 13:22:45 | INFO | EDA-NB | --------------- Manual statistics ---------------
2026-06-08 13:22:45 | INFO | EDA-NB | Body Mass Statistics (using numpy):
2026-06-08 13:22:45 | INFO | EDA-NB |   Mean: 4201.75 g
2026-06-08 13:22:45 | INFO | EDA-NB |   Std Dev: 800.78 g
2026-06-08 13:22:45 | INFO | EDA-NB |   Min: 2700.00 g
2026-06-08 13:22:45 | INFO | EDA-NB |   Max: 6300.00 g
2026-06-08 13:22:45 | INFO | EDA-NB |   Range: 3600.00 g
2026-06-08 13:22:45 | INFO | EDA-NB | Computing overall descriptive statistics
2026-06-08 13:22:45 | DEBUG | EDA-NB | 
                   count         mean         std     min       25%      50%     75%     max
bill_length_mm     342.0    43.921930    5.459584    32.1    39.225    44.45    48.5    59.6
bill_depth_mm      342.0    17.151170    1.974793    13.1    15.600    17.30    18.7    21.5
flipper_length_mm  342.0   200.915205   14.061714   172.0   190.000   197.00   213.0   231.0
body_mass_g        342.0  4201.754386  801.954536  2700.0  3550.000  4050.00  4750.0  6300.0
2026-06-08 13:22:45 | INFO | EDA-NB | --------------- Using pandas groupby() and agg() ---------------
2026-06-08 13:22:45 | INFO | EDA-NB | Computing descriptive statistics by group
2026-06-08 13:22:45 | DEBUG | EDA-NB | 
          bill_length_mm                                  bill_depth_mm                                   \
                   count       mean       std   min   max         count       mean       std   min   max   
species                                                                                                    
Adelie               151  38.791391  2.663405  32.1  46.0           151  18.346358  1.216650  15.5  21.5   
Chinstrap             68  48.833824  3.339256  40.9  58.0            68  18.420588  1.135395  16.4  20.8   
Gentoo               123  47.504878  3.081857  40.9  59.6           123  14.982114  0.981220  13.1  17.3   

          flipper_length_mm                                     body_mass_g                                           
                      count        mean       std    min    max       count         mean         std     min     max  
species                                                                                                               
Adelie                  151  189.953642  6.539457  172.0  210.0         151  3700.662252  458.566126  2850.0  4775.0  
Chinstrap                68  195.823529  7.131894  178.0  212.0          68  3733.088235  384.335081  2700.0  4800.0  
Gentoo                  123  217.186992  6.484976  203.0  231.0         123  5076.016260  504.116237  3950.0  6300.0  
2026-06-08 13:22:45 | INFO | EDA-NB | --------------- Improving the output ---------------
2026-06-08 13:22:45 | DEBUG | EDA-NB | 
                             count         mean         std     min     max
species                                                                    
Adelie    bill_length_mm       151    38.791391    2.663405    32.1    46.0
          bill_depth_mm        151    18.346358    1.216650    15.5    21.5
          flipper_length_mm    151   189.953642    6.539457   172.0   210.0
          body_mass_g          151  3700.662252  458.566126  2850.0  4775.0
Chinstrap bill_length_mm        68    48.833824    3.339256    40.9    58.0
          bill_depth_mm         68    18.420588    1.135395    16.4    20.8
          flipper_length_mm     68   195.823529    7.131894   178.0   212.0
          body_mass_g           68  3733.088235  384.335081  2700.0  4800.0
Gentoo    bill_length_mm       123    47.504878    3.081857    40.9    59.6
          bill_depth_mm        123    14.982114    0.981220    13.1    17.3
          flipper_length_mm    123   217.186992    6.484976   203.0   231.0
          body_mass_g          123  5076.016260  504.116237  3950.0  6300.0
2026-06-08 13:22:45 | INFO | EDA-NB | Computing correlation matrix for numeric columns
2026-06-08 13:22:45 | INFO | EDA-NB | 
Correlation matrix:
2026-06-08 13:22:45 | DEBUG | EDA-NB | 
                   bill_length_mm  bill_depth_mm  flipper_length_mm  body_mass_g
bill_length_mm           1.000000      -0.235053           0.656181     0.595110
bill_depth_mm           -0.235053       1.000000          -0.583851    -0.471916
flipper_length_mm        0.656181      -0.583851           1.000000     0.871202
body_mass_g              0.595110      -0.471916           0.871202     1.000000
2026-06-08 13:22:45 | INFO | EDA-NB | ---------Visualize Correlation Matrix as a Heatmap---------------
2026-06-08 13:22:45 | INFO | EDA-NB | ---- Creating Scatter Plot to see Relationships ------
2026-06-08 13:22:45 | INFO | EDA-NB | ----   Use clean dataframe ---------------------------
2026-06-08 13:22:45 | INFO | EDA-NB | ----   Set x to flipper length -----------------------
2026-06-08 13:22:45 | INFO | EDA-NB | ----   Set y to bill length --------------------------
2026-06-08 13:22:45 | INFO | EDA-NB | ----   Set the hue (color mapping) to the group column --
2026-06-08 13:22:45 | INFO | EDA-NB | ------- Creating another chart -------
2026-06-08 13:22:45 | INFO | EDA-NB | ------ Creating Box Plot to see Distribution: ---------
2026-06-08 13:22:45 | INFO | EDA-NB | ------   Use clean dataframe --------------------------
2026-06-08 13:22:45 | INFO | EDA-NB | ------   Set x to the group column --------------------
2026-06-08 13:22:45 | INFO | EDA-NB | ------   Set y to flipper length ----------------------
2026-06-08 13:22:45 | INFO | EDA-NB | ------- Creating another chart -------
2026-06-08 13:22:45 | INFO | EDA-NB | ------ Creating Box Plot to see Distribution: ---------
2026-06-08 13:22:45 | INFO | EDA-NB | ------   Use clean dataframe --------------------------
2026-06-08 13:22:45 | INFO | EDA-NB | ------   Set x to sex ---------------------------------
2026-06-08 13:22:45 | INFO | EDA-NB | ------   Set y to flipper length ----------------------
2026-06-08 13:22:45 | INFO | EDA-NB | ========================
2026-06-08 13:22:45 | INFO | EDA-NB | SUMMARY
2026-06-08 13:22:45 | INFO | EDA-NB | ========================
2026-06-08 13:22:45 | INFO | EDA-NB | Dataset: penguins
2026-06-08 13:22:45 | INFO | EDA-NB | Original rows: 344
2026-06-08 13:22:45 | INFO | EDA-NB | Clean rows:    342
2026-06-08 13:22:45 | INFO | EDA-NB | Groups found in species: ['Adelie', 'Chinstrap', 'Gentoo']
2026-06-08 13:22:45 | INFO | EDA-NB | Strongest correlation: 
2026-06-08 13:22:45 | INFO | EDA-NB |   flipper_length_mm and body_mass_g (~0.87)
2026-06-08 13:22:45 | INFO | EDA-NB | Suggested next step: 
2026-06-08 13:22:45 | INFO | EDA-NB |   Model body_mass_g ~ flipper_length_mm with linear regression
2026-06-08 13:22:45 | INFO | EDA-NB | EDA workflow complete
2026-06-08 13:22:45 | INFO | EDA-NB | IMPORTANT: This script creates chart windows.
2026-06-08 13:22:45 | INFO | EDA-NB | Close any chart windows and terminate this process with CTRL+c as needed.
2026-06-08 13:22:45 | INFO | EDA-NB | ========================
2026-06-08 13:22:45 | INFO | EDA-NB | Executed successfully!
2026-06-08 13:22:45 | INFO | EDA-NB | ========================
2026-06-08 13:25:11 | INFO | EDA | === RUN START ===
2026-06-08 13:25:11 | INFO | EDA | project=EDA
2026-06-08 13:25:11 | INFO | EDA | repo_dir=datafun-04-notebooks
2026-06-08 13:25:11 | INFO | EDA | python=3.14.5
2026-06-08 13:25:11 | INFO | EDA | os=Windows 11
2026-06-08 13:25:11 | INFO | EDA | shell=powershell
2026-06-08 13:25:11 | INFO | EDA | cwd=.
2026-06-08 13:25:11 | INFO | EDA | github_actions=False
2026-06-08 13:25:11 | INFO | EDA | ========================
2026-06-08 13:25:11 | INFO | EDA | START main()
2026-06-08 13:25:11 | INFO | EDA | ========================
2026-06-08 13:25:11 | INFO | EDA | --- Section 2: Load dataset: penguins ---
2026-06-08 13:25:11 | INFO | EDA | Loading dataset: penguins
2026-06-08 13:25:11 | INFO | EDA | Loaded: 344 rows, 7 columns
2026-06-08 13:25:11 | INFO | EDA | --- Section 3: Inspect shape and basic structure ---
2026-06-08 13:25:11 | INFO | EDA | Previewing first few rows of the dataset
2026-06-08 13:25:11 | DEBUG | EDA | 
  species     island  bill_length_mm  bill_depth_mm  flipper_length_mm  body_mass_g     sex
0  Adelie  Torgersen            39.1           18.7              181.0       3750.0    Male
1  Adelie  Torgersen            39.5           17.4              186.0       3800.0  Female
2  Adelie  Torgersen            40.3           18.0              195.0       3250.0  Female
3  Adelie  Torgersen             NaN            NaN                NaN          NaN     NaN
4  Adelie  Torgersen            36.7           19.3              193.0       3450.0  Female
2026-06-08 13:25:11 | INFO | EDA | Column names
2026-06-08 13:25:11 | DEBUG | EDA | ['species', 'island', 'bill_length_mm', 'bill_depth_mm', 'flipper_length_mm', 'body_mass_g', 'sex']
2026-06-08 13:25:11 | INFO | EDA | DataFrame info (types and non-null counts)
2026-06-08 13:25:11 | INFO | EDA | Dataset shape: 344 rows, 7 columns
2026-06-08 13:25:11 | INFO | EDA | --- Section 4: Create Data Dictionary and Check Data Quality ---
2026-06-08 13:25:11 | INFO | EDA | Building starter data dictionary
2026-06-08 13:25:11 | DEBUG | EDA | 
              column    dtype  missing_count  missing_pct
0            species      str              0         0.00
1             island      str              0         0.00
2     bill_length_mm  float64              2         0.58
3      bill_depth_mm  float64              2         0.58
4  flipper_length_mm  float64              2         0.58
5        body_mass_g  float64              2         0.58
6                sex      str             11         3.20
2026-06-08 13:25:11 | INFO | EDA | Missing values per column:
2026-06-08 13:25:11 | INFO | EDA | 
species               0
island                0
bill_length_mm        2
bill_depth_mm         2
flipper_length_mm     2
body_mass_g           2
sex                  11
dtype: int64
2026-06-08 13:25:11 | INFO | EDA | Checking missing values per column
2026-06-08 13:25:11 | DEBUG | EDA | 
sex                  11
bill_depth_mm         2
bill_length_mm        2
flipper_length_mm     2
body_mass_g           2
island                0
species               0
dtype: int64
2026-06-08 13:25:11 | INFO | EDA | Duplicate rows detected: 0
2026-06-08 13:25:11 | INFO | EDA | Call describe() for numeric columns
2026-06-08 13:25:11 | DEBUG | EDA | 
       bill_length_mm  bill_depth_mm  flipper_length_mm  body_mass_g
count      342.000000     342.000000         342.000000   342.000000
mean        43.921930      17.151170         200.915205  4201.754386
std          5.459584       1.974793          14.061714   801.954536
min         32.100000      13.100000         172.000000  2700.000000
25%         39.225000      15.600000         190.000000  3550.000000
50%         44.450000      17.300000         197.000000  4050.000000
75%         48.500000      18.700000         213.000000  4750.000000
max         59.600000      21.500000         231.000000  6300.000000

2026-06-08 13:25:11 | INFO | EDA | --- Section 5: Create a cleaned view for EDA ---
2026-06-08 13:25:11 | INFO | EDA | Creating cleaned view for EDA (dropping rows with key missing values)
2026-06-08 13:25:11 | DEBUG | EDA | Columns required to be non-missing: ['bill_length_mm', 'bill_depth_mm', 'flipper_length_mm', 'body_mass_g', 'species']
2026-06-08 13:25:11 | INFO | EDA | Original rows: 344
2026-06-08 13:25:11 | INFO | EDA | Clean rows:    342
2026-06-08 13:25:11 | INFO | EDA | Rows dropped:  2
2026-06-08 13:25:11 | INFO | EDA | --- Section 6: Descriptive statistics for numeric columns ---
2026-06-08 13:25:11 | INFO | EDA | --------------- Manual statistics ---------------
2026-06-08 13:25:11 | DEBUG | EDA | Body Mass Statistics (using numpy):
2026-06-08 13:25:11 | DEBUG | EDA |   Mean: 4201.75 g
2026-06-08 13:25:11 | DEBUG | EDA |   Std Dev: 800.78 g
2026-06-08 13:25:11 | DEBUG | EDA |   Min: 2700.00 g
2026-06-08 13:25:11 | DEBUG | EDA |   Max: 6300.00 g
2026-06-08 13:25:11 | DEBUG | EDA |   Range: 3600.00 g
2026-06-08 13:25:11 | INFO | EDA | --------------- Using pandas describe() method ---------------
2026-06-08 13:25:11 | INFO | EDA | Computing overall descriptive statistics
2026-06-08 13:25:11 | DEBUG | EDA | 
                   count         mean         std     min       25%      50%     75%     max
bill_length_mm     342.0    43.921930    5.459584    32.1    39.225    44.45    48.5    59.6
bill_depth_mm      342.0    17.151170    1.974793    13.1    15.600    17.30    18.7    21.5
flipper_length_mm  342.0   200.915205   14.061714   172.0   190.000   197.00   213.0   231.0
body_mass_g        342.0  4201.754386  801.954536  2700.0  3550.000  4050.00  4750.0  6300.0
2026-06-08 13:25:11 | INFO | EDA | --------------- Using pandas groupby() and agg() ---------------
2026-06-08 13:25:11 | INFO | EDA | Computing descriptive statistics by group
2026-06-08 13:25:11 | DEBUG | EDA | 
          bill_length_mm                                  bill_depth_mm                                   \
                   count       mean       std   min   max         count       mean       std   min   max   
species                                                                                                    
Adelie               151  38.791391  2.663405  32.1  46.0           151  18.346358  1.216650  15.5  21.5   
Chinstrap             68  48.833824  3.339256  40.9  58.0            68  18.420588  1.135395  16.4  20.8   
Gentoo               123  47.504878  3.081857  40.9  59.6           123  14.982114  0.981220  13.1  17.3   

          flipper_length_mm                                     body_mass_g                                           
                      count        mean       std    min    max       count         mean         std     min     max  
species                                                                                                               
Adelie                  151  189.953642  6.539457  172.0  210.0         151  3700.662252  458.566126  2850.0  4775.0  
Chinstrap                68  195.823529  7.131894  178.0  212.0          68  3733.088235  384.335081  2700.0  4800.0  
Gentoo                  123  217.186992  6.484976  203.0  231.0         123  5076.016260  504.116237  3950.0  6300.0  
2026-06-08 13:25:11 | INFO | EDA | 
Stacked view - easier to read in logs:
2026-06-08 13:25:11 | DEBUG | EDA | 
                             count         mean         std     min     max
species                                                                    
Adelie    bill_length_mm       151    38.791391    2.663405    32.1    46.0
          bill_depth_mm        151    18.346358    1.216650    15.5    21.5
          flipper_length_mm    151   189.953642    6.539457   172.0   210.0
          body_mass_g          151  3700.662252  458.566126  2850.0  4775.0
Chinstrap bill_length_mm        68    48.833824    3.339256    40.9    58.0
          bill_depth_mm         68    18.420588    1.135395    16.4    20.8
          flipper_length_mm     68   195.823529    7.131894   178.0   212.0
          body_mass_g           68  3733.088235  384.335081  2700.0  4800.0
Gentoo    bill_length_mm       123    47.504878    3.081857    40.9    59.6
          bill_depth_mm        123    14.982114    0.981220    13.1    17.3
          flipper_length_mm    123   217.186992    6.484976   203.0   231.0
          body_mass_g          123  5076.016260  504.116237  3950.0  6300.0
2026-06-08 13:25:11 | INFO | EDA | --- Section 7: Correlation matrix for numeric columns ---
2026-06-08 13:25:11 | INFO | EDA | Computing correlation matrix for numeric columns
2026-06-08 13:25:11 | INFO | EDA | 
Correlation matrix:
2026-06-08 13:25:11 | DEBUG | EDA | 
                   bill_length_mm  bill_depth_mm  flipper_length_mm  body_mass_g
bill_length_mm           1.000000      -0.235053           0.656181     0.595110
bill_depth_mm           -0.235053       1.000000          -0.583851    -0.471916
flipper_length_mm        0.656181      -0.583851           1.000000     0.871202
body_mass_g              0.595110      -0.471916           0.871202     1.000000
2026-06-08 13:25:11 | INFO | EDA | ---------Visualize Correlation Matrix as a Heatmap---------------
2026-06-08 13:25:12 | INFO | EDA | 
CUSTOM: Update these notes and use Markdown cells to narrate and tell the story as you explore. For example:

Interpretation:

 - Values close to 1 (dark red) = strong positive correlation (both increase together)
 - Values close to -1 (dark blue) = strong negative correlation (one increases, other decreases)
 - Values close to 0 (white) = little or no linear relationship
 - The diagonal is always 1 (each variable correlates perfectly with itself)

From this heatmap, we can see that flipper_length_mm and body_mass_g show strong positive correlation (~0.87).

2026-06-08 13:25:12 | INFO | EDA | --- Section 8: Charts ---
2026-06-08 13:25:12 | INFO | EDA | ---- Creating Scatter Plot to see Relationships ------
2026-06-08 13:25:12 | INFO | EDA | ----   Use clean dataframe ---------------------------
2026-06-08 13:25:12 | INFO | EDA | ----   Set x to flipper length -----------------------
2026-06-08 13:25:12 | INFO | EDA | ----   Set y to bill length --------------------------
2026-06-08 13:25:12 | INFO | EDA | ----   Set the hue (color mapping) to the group column --
2026-06-08 13:25:12 | INFO | EDA | ------ Creating Box Plot to see Distribution: ---------
2026-06-08 13:25:12 | INFO | EDA | ------   Use clean dataframe --------------------------
2026-06-08 13:25:12 | INFO | EDA | ------   Set x to the group column --------------------
2026-06-08 13:25:12 | INFO | EDA | ------   Set y to flipper length ----------------------
2026-06-08 13:25:12 | INFO | EDA | ------- Creating another chart -------
2026-06-08 13:25:12 | INFO | EDA | ------ Creating Box Plot to see Distribution: ---------
2026-06-08 13:25:12 | INFO | EDA | ------   Use clean dataframe --------------------------
2026-06-08 13:25:12 | INFO | EDA | ------   Set x to sex ---------------------------------
2026-06-08 13:25:12 | INFO | EDA | ------   Set y to flipper length ----------------------
2026-06-08 13:25:18 | INFO | EDA | --- Section 9: Summary and next steps ---
2026-06-08 13:25:18 | INFO | EDA | ========================
2026-06-08 13:25:18 | INFO | EDA | SUMMARY
2026-06-08 13:25:18 | INFO | EDA | ========================
2026-06-08 13:25:18 | INFO | EDA | Dataset: penguins
2026-06-08 13:25:18 | INFO | EDA | Original rows: 344
2026-06-08 13:25:18 | INFO | EDA | Clean rows:    342
2026-06-08 13:25:18 | INFO | EDA | Groups found in species: ['Adelie', 'Chinstrap', 'Gentoo']
2026-06-08 13:25:18 | INFO | EDA | Strongest correlation: 
2026-06-08 13:25:18 | INFO | EDA |   flipper_length_mm and body_mass_g (~0.87)
2026-06-08 13:25:18 | INFO | EDA | Suggested next step: 
2026-06-08 13:25:18 | INFO | EDA |   Model body_mass_g ~ flipper_length_mm with linear regression
2026-06-08 13:25:18 | INFO | EDA | ----- in a script, call plt.show() once at the end to display all charts -----
2026-06-08 13:25:18 | INFO | EDA | ----- in a script, close the chart windows (with the close button) to continue  -----
2026-06-08 13:25:18 | INFO | EDA | EDA workflow complete
2026-06-08 13:25:18 | INFO | EDA | IMPORTANT: This script creates chart windows.
2026-06-08 13:25:18 | INFO | EDA | Close any chart windows and terminate this process with CTRL+c as needed.
2026-06-08 13:25:18 | INFO | EDA | ========================
2026-06-08 13:25:18 | INFO | EDA | Executed successfully!
2026-06-08 13:25:18 | INFO | EDA | ========================
2026-06-08 13:26:42 | INFO | EDA | === RUN START ===
2026-06-08 13:26:42 | INFO | EDA | project=EDA
2026-06-08 13:26:43 | INFO | EDA | repo_dir=datafun-04-notebooks
2026-06-08 13:26:43 | INFO | EDA | python=3.14.5
2026-06-08 13:26:43 | INFO | EDA | os=Windows 11
2026-06-08 13:26:43 | INFO | EDA | shell=powershell
2026-06-08 13:26:43 | INFO | EDA | cwd=.
2026-06-08 13:26:43 | INFO | EDA | github_actions=False
2026-06-08 13:26:43 | INFO | EDA | ========================
2026-06-08 13:26:43 | INFO | EDA | START main()
2026-06-08 13:26:43 | INFO | EDA | ========================
2026-06-08 13:26:43 | INFO | EDA | --- Section 2: Load dataset: penguins ---
2026-06-08 13:26:43 | INFO | EDA | Loading dataset: penguins
2026-06-08 13:26:43 | INFO | EDA | Loaded: 344 rows, 7 columns
2026-06-08 13:26:43 | INFO | EDA | --- Section 3: Inspect shape and basic structure ---
2026-06-08 13:26:43 | INFO | EDA | Previewing first few rows of the dataset
2026-06-08 13:26:43 | DEBUG | EDA | 
  species     island  bill_length_mm  bill_depth_mm  flipper_length_mm  body_mass_g     sex
0  Adelie  Torgersen            39.1           18.7              181.0       3750.0    Male
1  Adelie  Torgersen            39.5           17.4              186.0       3800.0  Female
2  Adelie  Torgersen            40.3           18.0              195.0       3250.0  Female
3  Adelie  Torgersen             NaN            NaN                NaN          NaN     NaN
4  Adelie  Torgersen            36.7           19.3              193.0       3450.0  Female
2026-06-08 13:26:43 | INFO | EDA | Column names
2026-06-08 13:26:43 | DEBUG | EDA | ['species', 'island', 'bill_length_mm', 'bill_depth_mm', 'flipper_length_mm', 'body_mass_g', 'sex']
2026-06-08 13:26:43 | INFO | EDA | DataFrame info (types and non-null counts)
2026-06-08 13:26:43 | INFO | EDA | Dataset shape: 344 rows, 7 columns
2026-06-08 13:26:43 | INFO | EDA | --- Section 4: Create Data Dictionary and Check Data Quality ---
2026-06-08 13:26:43 | INFO | EDA | Building starter data dictionary
2026-06-08 13:26:43 | DEBUG | EDA | 
              column    dtype  missing_count  missing_pct
0            species      str              0         0.00
1             island      str              0         0.00
2     bill_length_mm  float64              2         0.58
3      bill_depth_mm  float64              2         0.58
4  flipper_length_mm  float64              2         0.58
5        body_mass_g  float64              2         0.58
6                sex      str             11         3.20
2026-06-08 13:26:43 | INFO | EDA | Missing values per column:
2026-06-08 13:26:43 | INFO | EDA | 
species               0
island                0
bill_length_mm        2
bill_depth_mm         2
flipper_length_mm     2
body_mass_g           2
sex                  11
dtype: int64
2026-06-08 13:26:43 | INFO | EDA | Checking missing values per column
2026-06-08 13:26:43 | DEBUG | EDA | 
sex                  11
bill_depth_mm         2
bill_length_mm        2
flipper_length_mm     2
body_mass_g           2
island                0
species               0
dtype: int64
2026-06-08 13:26:43 | INFO | EDA | Duplicate rows detected: 0
2026-06-08 13:26:43 | INFO | EDA | Call describe() for numeric columns
2026-06-08 13:26:43 | DEBUG | EDA | 
       bill_length_mm  bill_depth_mm  flipper_length_mm  body_mass_g
count      342.000000     342.000000         342.000000   342.000000
mean        43.921930      17.151170         200.915205  4201.754386
std          5.459584       1.974793          14.061714   801.954536
min         32.100000      13.100000         172.000000  2700.000000
25%         39.225000      15.600000         190.000000  3550.000000
50%         44.450000      17.300000         197.000000  4050.000000
75%         48.500000      18.700000         213.000000  4750.000000
max         59.600000      21.500000         231.000000  6300.000000

2026-06-08 13:26:43 | INFO | EDA | --- Section 5: Create a cleaned view for EDA ---
2026-06-08 13:26:43 | INFO | EDA | Creating cleaned view for EDA (dropping rows with key missing values)
2026-06-08 13:26:43 | DEBUG | EDA | Columns required to be non-missing: ['bill_length_mm', 'bill_depth_mm', 'flipper_length_mm', 'body_mass_g', 'species']
2026-06-08 13:26:43 | INFO | EDA | Original rows: 344
2026-06-08 13:26:43 | INFO | EDA | Clean rows:    342
2026-06-08 13:26:43 | INFO | EDA | Rows dropped:  2
2026-06-08 13:26:43 | INFO | EDA | --- Section 6: Descriptive statistics for numeric columns ---
2026-06-08 13:26:43 | INFO | EDA | --------------- Manual statistics ---------------
2026-06-08 13:26:43 | DEBUG | EDA | Body Mass Statistics (using numpy):
2026-06-08 13:26:43 | DEBUG | EDA |   Mean: 4201.75 g
2026-06-08 13:26:43 | DEBUG | EDA |   Std Dev: 800.78 g
2026-06-08 13:26:43 | DEBUG | EDA |   Min: 2700.00 g
2026-06-08 13:26:43 | DEBUG | EDA |   Max: 6300.00 g
2026-06-08 13:26:43 | DEBUG | EDA |   Range: 3600.00 g
2026-06-08 13:26:43 | INFO | EDA | --------------- Using pandas describe() method ---------------
2026-06-08 13:26:43 | INFO | EDA | Computing overall descriptive statistics
2026-06-08 13:26:43 | DEBUG | EDA | 
                   count         mean         std     min       25%      50%     75%     max
bill_length_mm     342.0    43.921930    5.459584    32.1    39.225    44.45    48.5    59.6
bill_depth_mm      342.0    17.151170    1.974793    13.1    15.600    17.30    18.7    21.5
flipper_length_mm  342.0   200.915205   14.061714   172.0   190.000   197.00   213.0   231.0
body_mass_g        342.0  4201.754386  801.954536  2700.0  3550.000  4050.00  4750.0  6300.0
2026-06-08 13:26:43 | INFO | EDA | --------------- Using pandas groupby() and agg() ---------------
2026-06-08 13:26:43 | INFO | EDA | Computing descriptive statistics by group
2026-06-08 13:26:43 | DEBUG | EDA | 
          bill_length_mm                                  bill_depth_mm                                   \
                   count       mean       std   min   max         count       mean       std   min   max   
species                                                                                                    
Adelie               151  38.791391  2.663405  32.1  46.0           151  18.346358  1.216650  15.5  21.5   
Chinstrap             68  48.833824  3.339256  40.9  58.0            68  18.420588  1.135395  16.4  20.8   
Gentoo               123  47.504878  3.081857  40.9  59.6           123  14.982114  0.981220  13.1  17.3   

          flipper_length_mm                                     body_mass_g                                           
                      count        mean       std    min    max       count         mean         std     min     max  
species                                                                                                               
Adelie                  151  189.953642  6.539457  172.0  210.0         151  3700.662252  458.566126  2850.0  4775.0  
Chinstrap                68  195.823529  7.131894  178.0  212.0          68  3733.088235  384.335081  2700.0  4800.0  
Gentoo                  123  217.186992  6.484976  203.0  231.0         123  5076.016260  504.116237  3950.0  6300.0  
2026-06-08 13:26:43 | INFO | EDA | 
Stacked view - easier to read in logs:
2026-06-08 13:26:43 | DEBUG | EDA | 
                             count         mean         std     min     max
species                                                                    
Adelie    bill_length_mm       151    38.791391    2.663405    32.1    46.0
          bill_depth_mm        151    18.346358    1.216650    15.5    21.5
          flipper_length_mm    151   189.953642    6.539457   172.0   210.0
          body_mass_g          151  3700.662252  458.566126  2850.0  4775.0
Chinstrap bill_length_mm        68    48.833824    3.339256    40.9    58.0
          bill_depth_mm         68    18.420588    1.135395    16.4    20.8
          flipper_length_mm     68   195.823529    7.131894   178.0   212.0
          body_mass_g           68  3733.088235  384.335081  2700.0  4800.0
Gentoo    bill_length_mm       123    47.504878    3.081857    40.9    59.6
          bill_depth_mm        123    14.982114    0.981220    13.1    17.3
          flipper_length_mm    123   217.186992    6.484976   203.0   231.0
          body_mass_g          123  5076.016260  504.116237  3950.0  6300.0
2026-06-08 13:26:43 | INFO | EDA | --- Section 7: Correlation matrix for numeric columns ---
2026-06-08 13:26:43 | INFO | EDA | Computing correlation matrix for numeric columns
2026-06-08 13:26:43 | INFO | EDA | 
Correlation matrix:
2026-06-08 13:26:43 | DEBUG | EDA | 
                   bill_length_mm  bill_depth_mm  flipper_length_mm  body_mass_g
bill_length_mm           1.000000      -0.235053           0.656181     0.595110
bill_depth_mm           -0.235053       1.000000          -0.583851    -0.471916
flipper_length_mm        0.656181      -0.583851           1.000000     0.871202
body_mass_g              0.595110      -0.471916           0.871202     1.000000
2026-06-08 13:26:43 | INFO | EDA | ---------Visualize Correlation Matrix as a Heatmap---------------
2026-06-08 13:26:43 | INFO | EDA | 
CUSTOM: Update these notes and use Markdown cells to narrate and tell the story as you explore. For example:

Interpretation:

 - Values close to 1 (dark red) = strong positive correlation (both increase together)
 - Values close to -1 (dark blue) = strong negative correlation (one increases, other decreases)
 - Values close to 0 (white) = little or no linear relationship
 - The diagonal is always 1 (each variable correlates perfectly with itself)

From this heatmap, we can see that flipper_length_mm and body_mass_g show strong positive correlation (~0.87).

2026-06-08 13:26:43 | INFO | EDA | --- Section 8: Charts ---
2026-06-08 13:26:43 | INFO | EDA | ---- Creating Scatter Plot to see Relationships ------
2026-06-08 13:26:43 | INFO | EDA | ----   Use clean dataframe ---------------------------
2026-06-08 13:26:43 | INFO | EDA | ----   Set x to flipper length -----------------------
2026-06-08 13:26:43 | INFO | EDA | ----   Set y to bill length --------------------------
2026-06-08 13:26:43 | INFO | EDA | ----   Set the hue (color mapping) to the group column --
2026-06-08 13:26:43 | INFO | EDA | ------ Creating Box Plot to see Distribution: ---------
2026-06-08 13:26:43 | INFO | EDA | ------   Use clean dataframe --------------------------
2026-06-08 13:26:43 | INFO | EDA | ------   Set x to the group column --------------------
2026-06-08 13:26:43 | INFO | EDA | ------   Set y to flipper length ----------------------
2026-06-08 13:26:43 | INFO | EDA | ------- Creating another chart -------
2026-06-08 13:26:43 | INFO | EDA | ------ Creating Box Plot to see Distribution: ---------
2026-06-08 13:26:43 | INFO | EDA | ------   Use clean dataframe --------------------------
2026-06-08 13:26:43 | INFO | EDA | ------   Set x to sex ---------------------------------
2026-06-08 13:26:43 | INFO | EDA | ------   Set y to flipper length ----------------------
2026-06-08 13:32:45 | INFO | EDA | --- Section 9: Summary and next steps ---
2026-06-08 13:32:45 | INFO | EDA | ========================
2026-06-08 13:32:45 | INFO | EDA | SUMMARY
2026-06-08 13:32:45 | INFO | EDA | ========================
2026-06-08 13:32:45 | INFO | EDA | Dataset: penguins
2026-06-08 13:32:45 | INFO | EDA | Original rows: 344
2026-06-08 13:32:45 | INFO | EDA | Clean rows:    342
2026-06-08 13:32:45 | INFO | EDA | Groups found in species: ['Adelie', 'Chinstrap', 'Gentoo']
2026-06-08 13:32:45 | INFO | EDA | Strongest correlation: 
2026-06-08 13:32:45 | INFO | EDA |   flipper_length_mm and body_mass_g (~0.87)
2026-06-08 13:32:45 | INFO | EDA | Suggested next step: 
2026-06-08 13:32:45 | INFO | EDA |   Model body_mass_g ~ flipper_length_mm with linear regression
2026-06-08 13:32:45 | INFO | EDA | ----- in a script, call plt.show() once at the end to display all charts -----
2026-06-08 13:32:45 | INFO | EDA | ----- in a script, close the chart windows (with the close button) to continue  -----
2026-06-08 13:32:45 | INFO | EDA | EDA workflow complete
2026-06-08 13:32:45 | INFO | EDA | IMPORTANT: This script creates chart windows.
2026-06-08 13:32:45 | INFO | EDA | Close any chart windows and terminate this process with CTRL+c as needed.
2026-06-08 13:32:45 | INFO | EDA | ========================
2026-06-08 13:32:45 | INFO | EDA | Executed successfully!
2026-06-08 13:32:45 | INFO | EDA | ========================
2026-06-08 13:33:52 | INFO | EDA | Loading dataset: penguins
2026-06-08 13:33:52 | INFO | EDA | Loaded: 344 rows, 7 columns
2026-06-08 13:33:52 | INFO | EDA | Loading dataset: penguins
2026-06-08 13:33:52 | INFO | EDA | Loaded: 344 rows, 7 columns
2026-06-08 13:33:52 | INFO | EDA | Loading dataset: penguins
2026-06-08 13:33:52 | INFO | EDA | Loaded: 344 rows, 7 columns
2026-06-08 13:33:52 | INFO | EDA | Loading dataset: penguins
2026-06-08 13:33:52 | INFO | EDA | Loaded: 344 rows, 7 columns
2026-06-08 13:33:52 | INFO | EDA | Creating cleaned view for EDA (dropping rows with key missing values)
2026-06-08 13:33:52 | DEBUG | EDA | Columns required to be non-missing: ['bill_length_mm', 'bill_depth_mm', 'flipper_length_mm', 'body_mass_g', 'species']
2026-06-08 13:33:52 | INFO | EDA | Original rows: 344
2026-06-08 13:33:52 | INFO | EDA | Clean rows:    342
2026-06-08 13:33:52 | INFO | EDA | Rows dropped:  2
2026-06-08 13:33:52 | INFO | EDA | Computing correlation matrix for numeric columns
2026-06-08 13:33:52 | INFO | EDA | 
Correlation matrix:
2026-06-08 13:33:52 | DEBUG | EDA | 
                   bill_length_mm  bill_depth_mm  flipper_length_mm  body_mass_g
bill_length_mm           1.000000      -0.235053           0.656181     0.595110
bill_depth_mm           -0.235053       1.000000          -0.583851    -0.471916
flipper_length_mm        0.656181      -0.583851           1.000000     0.871202
body_mass_g              0.595110      -0.471916           0.871202     1.000000
2026-06-08 13:33:52 | INFO | EDA | ---------Visualize Correlation Matrix as a Heatmap---------------
2026-06-08 13:33:52 | INFO | EDA | 
CUSTOM: Update these notes and use Markdown cells to narrate and tell the story as you explore. For example:

Interpretation:

 - Values close to 1 (dark red) = strong positive correlation (both increase together)
 - Values close to -1 (dark blue) = strong negative correlation (one increases, other decreases)
 - Values close to 0 (white) = little or no linear relationship
 - The diagonal is always 1 (each variable correlates perfectly with itself)

From this heatmap, we can see that flipper_length_mm and body_mass_g show strong positive correlation (~0.87).

2026-06-08 14:01:09 | INFO | EDA-NB | === RUN START ===
2026-06-08 14:01:09 | INFO | EDA-NB | project=EDA-NB
2026-06-08 14:01:09 | INFO | EDA-NB | repo_dir=datafun-04-notebooks
2026-06-08 14:01:09 | INFO | EDA-NB | python=3.14.5
2026-06-08 14:01:09 | INFO | EDA-NB | os=Windows 11
2026-06-08 14:01:09 | INFO | EDA-NB | shell=powershell
2026-06-08 14:01:09 | INFO | EDA-NB | cwd=notebooks
2026-06-08 14:01:09 | INFO | EDA-NB | github_actions=False
2026-06-08 14:01:09 | INFO | EDA-NB | Imports complete.
2026-06-08 14:01:26 | INFO | EDA-NB | Loading dataset: titanic
2026-06-08 14:01:26 | INFO | EDA-NB | Loaded: 891 rows, 15 columns
2026-06-08 14:01:47 | INFO | EDA-NB | Previewing first few rows of the dataset
2026-06-08 14:01:53 | INFO | EDA-NB | Column names
2026-06-08 14:02:01 | INFO | EDA-NB | DataFrame info (types and non-null counts)
2026-06-08 14:02:28 | INFO | EDA-NB | Dataset shape: 891 rows, 15 columns
2026-06-08 14:02:39 | INFO | EDA-NB | Building starter data dictionary
2026-06-08 14:02:39 | DEBUG | EDA-NB | 
         column     dtype  missing_count  missing_pct
0      survived     int64              0         0.00
1        pclass     int64              0         0.00
2           sex       str              0         0.00
3           age   float64            177        19.87
4         sibsp     int64              0         0.00
5         parch     int64              0         0.00
6          fare   float64              0         0.00
7      embarked       str              2         0.22
8         class  category              0         0.00
9           who       str              0         0.00
10   adult_male      bool              0         0.00
11         deck  category            688        77.22
12  embark_town       str              2         0.22
13        alive       str              0         0.00
14        alone      bool              0         0.00
2026-06-08 14:02:51 | INFO | EDA-NB | Missing values per column:
2026-06-08 14:02:51 | INFO | EDA-NB | survived         0
pclass           0
sex              0
age            177
sibsp            0
parch            0
fare             0
embarked         2
class            0
who              0
adult_male       0
deck           688
embark_town      2
alive            0
alone            0
dtype: int64
2026-06-08 14:02:51 | INFO | EDA-NB | Checking missing values per column
2026-06-08 14:02:51 | DEBUG | EDA-NB | 
deck           688
age            177
embarked         2
embark_town      2
sex              0
pclass           0
survived         0
fare             0
parch            0
sibsp            0
class            0
adult_male       0
who              0
alive            0
alone            0
dtype: int64
2026-06-08 14:02:51 | INFO | EDA-NB | Duplicate rows detected: 107
2026-06-08 14:02:51 | INFO | EDA-NB | Call describe() for numeric columns
2026-06-08 14:02:51 | DEBUG | EDA-NB | 
              age    survived      pclass       sibsp       parch
count  714.000000  891.000000  891.000000  891.000000  891.000000
mean    29.699118    0.383838    2.308642    0.523008    0.381594
std     14.526497    0.486592    0.836071    1.102743    0.806057
min      0.420000    0.000000    1.000000    0.000000    0.000000
25%     20.125000    0.000000    2.000000    0.000000    0.000000
50%     28.000000    0.000000    3.000000    0.000000    0.000000
75%     38.000000    1.000000    3.000000    1.000000    0.000000
max     80.000000    1.000000    3.000000    8.000000    6.000000

2026-06-08 14:03:21 | DEBUG | EDA-NB | Columns required to be non-missing: ['age', 'survived', 'pclass', 'sibsp', 'parch', 'sex']
2026-06-08 14:03:21 | INFO | EDA-NB | Original rows: 891
2026-06-08 14:03:21 | INFO | EDA-NB | Clean rows:    714
2026-06-08 14:03:21 | INFO | EDA-NB | Rows dropped:  177
2026-06-08 14:05:35 | INFO | EDA-NB | --------------- Manual statistics ---------------
2026-06-08 14:05:35 | INFO | EDA-NB | Age Statistics (using numpy):
2026-06-08 14:05:35 | INFO | EDA-NB |   Mean: 29.70
2026-06-08 14:05:35 | INFO | EDA-NB |   Std Dev: 14.52
2026-06-08 14:05:35 | INFO | EDA-NB |   Min: 0.42
2026-06-08 14:05:35 | INFO | EDA-NB |   Max: 80.00
2026-06-08 14:05:35 | INFO | EDA-NB |   Range: 79.58
2026-06-08 14:05:35 | INFO | EDA-NB | Siblings Statistics (using numpy):
2026-06-08 14:05:35 | INFO | EDA-NB |   Mean: 0.51
2026-06-08 14:05:35 | INFO | EDA-NB |   Std Dev: 0.93
2026-06-08 14:05:35 | INFO | EDA-NB |   Min: 0.00
2026-06-08 14:05:35 | INFO | EDA-NB |   Max: 5.00
2026-06-08 14:05:35 | INFO | EDA-NB |   Range: 5.00
2026-06-08 14:05:35 | INFO | EDA-NB | Parent/Child Statistics (using numpy):
2026-06-08 14:05:35 | INFO | EDA-NB |   Mean: 0.43
2026-06-08 14:05:35 | INFO | EDA-NB |   Std Dev: 0.85
2026-06-08 14:05:35 | INFO | EDA-NB |   Min: 0.00
2026-06-08 14:05:35 | INFO | EDA-NB |   Max: 6.00
2026-06-08 14:05:35 | INFO | EDA-NB |   Range: 6.00
2026-06-08 14:06:00 | INFO | EDA-NB | Computing overall descriptive statistics
2026-06-08 14:06:00 | DEBUG | EDA-NB | 
          count       mean        std   min     25%   50%   75%   max
age       714.0  29.699118  14.526497  0.42  20.125  28.0  38.0  80.0
survived  714.0   0.406162   0.491460  0.00   0.000   0.0   1.0   1.0
pclass    714.0   2.236695   0.838250  1.00   1.000   2.0   3.0   3.0
sibsp     714.0   0.512605   0.929783  0.00   0.000   0.0   1.0   5.0
parch     714.0   0.431373   0.853289  0.00   0.000   0.0   1.0   6.0
2026-06-08 14:06:00 | INFO | EDA-NB | --------------- Using pandas groupby() and agg() ---------------
2026-06-08 14:06:00 | INFO | EDA-NB | Computing descriptive statistics by group
2026-06-08 14:06:00 | DEBUG | EDA-NB | 
         age                                   survived                             pclass                          \
       count       mean        std   min   max    count      mean       std min max  count      mean       std min   
sex                                                                                                                  
female   261  27.915709  14.110146  0.75  63.0      261  0.754789  0.431039   0   1    261  2.065134  0.845560   1   
male     453  30.726645  14.678201  0.42  80.0      453  0.205298  0.404366   0   1    453  2.335541  0.818748   1   

           sibsp                             parch                              
       max count      mean       std min max count      mean       std min max  
sex                                                                             
female   3   261  0.639847  0.928493   0   5   261  0.708812  1.066752   0   6  
male     3   453  0.439294  0.923609   0   5   453  0.271523  0.651076   0   5  
2026-06-08 14:06:48 | INFO | EDA-NB | --------------- Improving the output ---------------
2026-06-08 14:06:48 | DEBUG | EDA-NB | 
                 count       mean        std   min   max
sex                                                     
female age         261  27.915709  14.110146  0.75  63.0
       survived    261   0.754789   0.431039  0.00   1.0
       pclass      261   2.065134   0.845560  1.00   3.0
       sibsp       261   0.639847   0.928493  0.00   5.0
       parch       261   0.708812   1.066752  0.00   6.0
male   age         453  30.726645  14.678201  0.42  80.0
       survived    453   0.205298   0.404366  0.00   1.0
       pclass      453   2.335541   0.818748  1.00   3.0
       sibsp       453   0.439294   0.923609  0.00   5.0
       parch       453   0.271523   0.651076  0.00   5.0
2026-06-08 14:07:10 | INFO | EDA-NB | Computing correlation matrix for numeric columns
2026-06-08 14:07:10 | INFO | EDA-NB | 
Correlation matrix:
2026-06-08 14:07:10 | DEBUG | EDA-NB | 
          survived    pclass       age     sibsp     parch      fare
survived  1.000000 -0.359653 -0.077221 -0.017358  0.093317  0.268189
pclass   -0.359653  1.000000 -0.369226  0.067247  0.025683 -0.554182
age      -0.077221 -0.369226  1.000000 -0.308247 -0.189119  0.096067
sibsp    -0.017358  0.067247 -0.308247  1.000000  0.383820  0.138329
parch     0.093317  0.025683 -0.189119  0.383820  1.000000  0.205119
fare      0.268189 -0.554182  0.096067  0.138329  0.205119  1.000000
2026-06-08 14:07:48 | INFO | EDA-NB | ---------Visualize Correlation Matrix as a Heatmap---------------
2026-06-08 14:12:18 | INFO | EDA-NB | ---- Creating Scatter Plot to see Relationships ------
2026-06-08 14:12:18 | INFO | EDA-NB | ----   Use clean dataframe ---------------------------
2026-06-08 14:12:18 | INFO | EDA-NB | ----   Set x to age -----------------------
2026-06-08 14:12:18 | INFO | EDA-NB | ----   Set y to ticket class --------------------------
2026-06-08 14:12:18 | INFO | EDA-NB | ----   Set the hue (color mapping) to the group column (sex) --
2026-06-08 14:12:37 | INFO | EDA-NB | ---- Creating Scatter Plot to see Relationships ------
2026-06-08 14:12:37 | INFO | EDA-NB | ----   Use clean dataframe ---------------------------
2026-06-08 14:12:37 | INFO | EDA-NB | ----   Set x to age -----------------------
2026-06-08 14:12:37 | INFO | EDA-NB | ----   Set y to ticket class --------------------------
2026-06-08 14:12:37 | INFO | EDA-NB | ----   Set the hue (color mapping) to the group column (sex) --
2026-06-08 14:13:26 | INFO | EDA-NB | ---- Creating Scatter Plot to see Relationships ---------------
2026-06-08 14:13:26 | INFO | EDA-NB | ----   Use clean dataframe ------------------------------------
2026-06-08 14:13:26 | INFO | EDA-NB | ----   Set x to age -------------------------------------------
2026-06-08 14:13:26 | INFO | EDA-NB | ----   Set y to siblings aboard Titanic -----------------------
2026-06-08 14:13:26 | INFO | EDA-NB | ----   Set the hue (color mapping) to the group column (sex) --
2026-06-08 14:14:12 | INFO | EDA-NB | ---- Creating Scatter Plot to see Relationships ---------------
2026-06-08 14:14:12 | INFO | EDA-NB | ----   Use clean dataframe ------------------------------------
2026-06-08 14:14:12 | INFO | EDA-NB | ----   Set x to age -------------------------------------------
2026-06-08 14:14:12 | INFO | EDA-NB | ----   Set y to fare ------------------------------------------
2026-06-08 14:14:12 | INFO | EDA-NB | ----   Set the hue (color mapping) to the group column (sex) --
2026-06-08 14:15:33 | INFO | EDA-NB | ------- Creating another chart -------
2026-06-08 14:15:33 | INFO | EDA-NB | ---- Creating Scatter Plot to see Relationships ---------------
2026-06-08 14:15:33 | INFO | EDA-NB | ----   Use clean dataframe ------------------------------------
2026-06-08 14:15:33 | INFO | EDA-NB | ----   Set x to siblings aboard Titanic -----------------------
2026-06-08 14:15:33 | INFO | EDA-NB | ----   Set y to fare ------------------------------------------
2026-06-08 14:15:33 | INFO | EDA-NB | ----   Set the hue (color mapping) to the group column (sex) --
2026-06-08 14:17:21 | INFO | EDA-NB | ------- Creating another chart -------
2026-06-08 14:17:21 | INFO | EDA-NB | ------ Creating Box Plot to see Distribution: ---------
2026-06-08 14:17:21 | INFO | EDA-NB | ------   Use clean dataframe --------------------------
2026-06-08 14:17:21 | INFO | EDA-NB | ------   Set x to the  group column (sex)--------------
2026-06-08 14:17:21 | INFO | EDA-NB | ------   Set y to age ---------------------------------
2026-06-08 14:19:58 | INFO | EDA-NB | ------- Creating another chart -------
2026-06-08 14:19:58 | INFO | EDA-NB | ------ Creating Clustered Bar Chart to see Distribution: ---------
2026-06-08 14:19:58 | INFO | EDA-NB | ------   Use clean dataframe -------------------------------------
2026-06-08 14:19:58 | INFO | EDA-NB | ------   Set x to survived ---------------------------------------
2026-06-08 14:19:58 | INFO | EDA-NB | ------   Set y to age --------------------------------------------
2026-06-08 14:19:58 | INFO | EDA-NB | ------   Set hue to the group column -----------------------------
2026-06-08 14:21:15 | INFO | EDA-NB | ------- Creating another chart -------
2026-06-08 14:21:15 | INFO | EDA-NB | ------ Creating Clustered Bar Chart to see Distribution: ---------
2026-06-08 14:21:15 | INFO | EDA-NB | ------   Use clean dataframe -------------------------------------
2026-06-08 14:21:15 | INFO | EDA-NB | ------   Set x to survived ---------------------------------------
2026-06-08 14:21:15 | INFO | EDA-NB | ------   Set hue to the group column -----------------------------
2026-06-08 14:22:37 | INFO | EDA-NB | ------- Creating another chart -------
2026-06-08 14:22:37 | INFO | EDA-NB | ------ Creating Clustered Bar Chart to see Distribution: ---------
2026-06-08 14:22:37 | INFO | EDA-NB | ------   Use clean dataframe -------------------------------------
2026-06-08 14:22:37 | INFO | EDA-NB | ------   Set x to survived ---------------------------------------
2026-06-08 14:22:37 | INFO | EDA-NB | ------   Set hue to the group column -----------------------------
2026-06-08 14:23:13 | INFO | EDA-NB | ------- Creating another chart -------
2026-06-08 14:23:13 | INFO | EDA-NB | ------ Creating Clustered Bar Chart to see Distribution: ---------
2026-06-08 14:23:13 | INFO | EDA-NB | ------   Use clean dataframe -------------------------------------
2026-06-08 14:23:13 | INFO | EDA-NB | ------   Set x to survived ---------------------------------------
2026-06-08 14:23:13 | INFO | EDA-NB | ------   Set hue to the group column -----------------------------
2026-06-08 14:23:57 | INFO | EDA-NB | ------- Creating another chart -------
2026-06-08 14:23:57 | INFO | EDA-NB | ------ Creating Clustered Bar Chart to see Distribution: --------------
2026-06-08 14:23:57 | INFO | EDA-NB | ------   Use clean dataframe ------------------------------------------
2026-06-08 14:23:57 | INFO | EDA-NB | ------   Set x to sex--------------------------------------------------
2026-06-08 14:23:57 | INFO | EDA-NB | ------   Set hue to survival status (0 = Not Survived, 1 = Survived) --
2026-06-08 14:24:54 | INFO | EDA-NB | ------- Creating another chart -------
2026-06-08 14:24:54 | INFO | EDA-NB | ------ Creating Clustered Bar Chart to see Distribution: --------------
2026-06-08 14:24:54 | INFO | EDA-NB | ------   Use clean dataframe ------------------------------------------
2026-06-08 14:24:54 | INFO | EDA-NB | ------   Set x to sex--------------------------------------------------
2026-06-08 14:24:54 | INFO | EDA-NB | ------   Set hue to survival status (0 = Not Survived, 1 = Survived) --
2026-06-08 14:27:00 | INFO | EDA-NB | ------- Creating another chart -------
2026-06-08 14:27:00 | INFO | EDA-NB | ------ Creating Overlapping Density Plot to see Distribution: ---------
2026-06-08 14:27:00 | INFO | EDA-NB | ------   Use clean dataframe ------------------------------------------
2026-06-08 14:27:00 | INFO | EDA-NB | ------   Set x to sex--------------------------------------------------
2026-06-08 14:27:00 | INFO | EDA-NB | ------   Set hue to survival status (0 = Not Survived, 1 = Survived) --
2026-06-08 14:27:28 | INFO | EDA-NB | ------- Creating another chart -------
2026-06-08 14:27:28 | INFO | EDA-NB | ------ Creating Overlapping Density Plot to see Distribution: ---------
2026-06-08 14:27:28 | INFO | EDA-NB | ------   Use clean dataframe ------------------------------------------
2026-06-08 14:27:28 | INFO | EDA-NB | ------   Set x to sex--------------------------------------------------
2026-06-08 14:27:28 | INFO | EDA-NB | ------   Set hue to survival status (0 = Not Survived, 1 = Survived) --
2026-06-08 14:27:37 | INFO | EDA-NB | ------- Creating another chart -------
2026-06-08 14:27:37 | INFO | EDA-NB | ------ Creating Overlapping Density Plot to see Distribution: ---------
2026-06-08 14:27:37 | INFO | EDA-NB | ------   Use clean dataframe ------------------------------------------
2026-06-08 14:27:37 | INFO | EDA-NB | ------   Set x to sex--------------------------------------------------
2026-06-08 14:27:37 | INFO | EDA-NB | ------   Set hue to survival status (0 = Not Survived, 1 = Survived) --
2026-06-08 14:41:57 | INFO | EDA-NB | --------------- Manual statistics ---------------
2026-06-08 14:41:57 | INFO | EDA-NB | Age Statistics (using numpy):
2026-06-08 14:41:57 | INFO | EDA-NB |   Mean: 29.70
2026-06-08 14:41:57 | INFO | EDA-NB |   Std Dev: 14.52
2026-06-08 14:41:57 | INFO | EDA-NB |   Min: 0.42
2026-06-08 14:41:57 | INFO | EDA-NB |   Max: 80.00
2026-06-08 14:41:57 | INFO | EDA-NB |   Range: 79.58
2026-06-08 14:41:57 | INFO | EDA-NB | Siblings/Spouses Statistics (using numpy):
2026-06-08 14:41:57 | INFO | EDA-NB |   Mean: 0.51
2026-06-08 14:41:57 | INFO | EDA-NB |   Std Dev: 0.93
2026-06-08 14:41:57 | INFO | EDA-NB |   Min: 0.00
2026-06-08 14:41:57 | INFO | EDA-NB |   Max: 5.00
2026-06-08 14:41:57 | INFO | EDA-NB |   Range: 5.00
2026-06-08 14:41:57 | INFO | EDA-NB | Parents/Children Statistics (using numpy):
2026-06-08 14:41:57 | INFO | EDA-NB |   Mean: 0.43
2026-06-08 14:41:57 | INFO | EDA-NB |   Std Dev: 0.85
2026-06-08 14:41:57 | INFO | EDA-NB |   Min: 0.00
2026-06-08 14:41:57 | INFO | EDA-NB |   Max: 6.00
2026-06-08 14:41:57 | INFO | EDA-NB |   Range: 6.00
2026-06-08 14:51:20 | INFO | EDA-NB | === RUN START ===
2026-06-08 14:51:20 | INFO | EDA-NB | project=EDA-NB
2026-06-08 14:51:20 | INFO | EDA-NB | repo_dir=datafun-04-notebooks
2026-06-08 14:51:20 | INFO | EDA-NB | python=3.14.5
2026-06-08 14:51:20 | INFO | EDA-NB | os=Windows 11
2026-06-08 14:51:20 | INFO | EDA-NB | shell=powershell
2026-06-08 14:51:20 | INFO | EDA-NB | cwd=notebooks
2026-06-08 14:51:20 | INFO | EDA-NB | github_actions=False
2026-06-08 14:51:20 | INFO | EDA-NB | Imports complete.
2026-06-08 14:51:20 | INFO | EDA-NB | Loading dataset: titanic
2026-06-08 14:51:20 | INFO | EDA-NB | Loaded: 891 rows, 15 columns
2026-06-08 14:51:20 | INFO | EDA-NB | Previewing first few rows of the dataset
2026-06-08 14:51:20 | INFO | EDA-NB | Column names
2026-06-08 14:51:20 | INFO | EDA-NB | DataFrame info (types and non-null counts)
2026-06-08 14:51:20 | INFO | EDA-NB | Dataset shape: 891 rows, 15 columns
2026-06-08 14:51:20 | INFO | EDA-NB | Building starter data dictionary
2026-06-08 14:51:20 | DEBUG | EDA-NB | 
         column     dtype  missing_count  missing_pct
0      survived     int64              0         0.00
1        pclass     int64              0         0.00
2           sex       str              0         0.00
3           age   float64            177        19.87
4         sibsp     int64              0         0.00
5         parch     int64              0         0.00
6          fare   float64              0         0.00
7      embarked       str              2         0.22
8         class  category              0         0.00
9           who       str              0         0.00
10   adult_male      bool              0         0.00
11         deck  category            688        77.22
12  embark_town       str              2         0.22
13        alive       str              0         0.00
14        alone      bool              0         0.00
2026-06-08 14:51:20 | INFO | EDA-NB | Missing values per column:
2026-06-08 14:51:20 | INFO | EDA-NB | survived         0
pclass           0
sex              0
age            177
sibsp            0
parch            0
fare             0
embarked         2
class            0
who              0
adult_male       0
deck           688
embark_town      2
alive            0
alone            0
dtype: int64
2026-06-08 14:51:20 | INFO | EDA-NB | Checking missing values per column
2026-06-08 14:51:20 | DEBUG | EDA-NB | 
deck           688
age            177
embarked         2
embark_town      2
sex              0
pclass           0
survived         0
fare             0
parch            0
sibsp            0
class            0
adult_male       0
who              0
alive            0
alone            0
dtype: int64
2026-06-08 14:51:20 | INFO | EDA-NB | Duplicate rows detected: 107
2026-06-08 14:51:20 | INFO | EDA-NB | Call describe() for numeric columns
2026-06-08 14:51:20 | DEBUG | EDA-NB | 
              age    survived      pclass       sibsp       parch
count  714.000000  891.000000  891.000000  891.000000  891.000000
mean    29.699118    0.383838    2.308642    0.523008    0.381594
std     14.526497    0.486592    0.836071    1.102743    0.806057
min      0.420000    0.000000    1.000000    0.000000    0.000000
25%     20.125000    0.000000    2.000000    0.000000    0.000000
50%     28.000000    0.000000    3.000000    0.000000    0.000000
75%     38.000000    1.000000    3.000000    1.000000    0.000000
max     80.000000    1.000000    3.000000    8.000000    6.000000

2026-06-08 14:51:20 | DEBUG | EDA-NB | Columns required to be non-missing: ['age', 'survived', 'pclass', 'sibsp', 'parch', 'sex']
2026-06-08 14:51:20 | INFO | EDA-NB | Original rows: 891
2026-06-08 14:51:20 | INFO | EDA-NB | Clean rows:    714
2026-06-08 14:51:20 | INFO | EDA-NB | Rows dropped:  177
2026-06-08 14:51:20 | INFO | EDA-NB | --------------- Manual statistics ---------------
2026-06-08 14:51:20 | INFO | EDA-NB | Age Statistics (using numpy):
2026-06-08 14:51:20 | INFO | EDA-NB |   Mean: 29.70
2026-06-08 14:51:20 | INFO | EDA-NB |   Std Dev: 14.52
2026-06-08 14:51:20 | INFO | EDA-NB |   Min: 0.42
2026-06-08 14:51:20 | INFO | EDA-NB |   Max: 80.00
2026-06-08 14:51:20 | INFO | EDA-NB |   Range: 79.58
2026-06-08 14:51:20 | INFO | EDA-NB | Siblings/Spouses Statistics (using numpy):
2026-06-08 14:51:20 | INFO | EDA-NB |   Mean: 0.51
2026-06-08 14:51:20 | INFO | EDA-NB |   Std Dev: 0.93
2026-06-08 14:51:20 | INFO | EDA-NB |   Min: 0.00
2026-06-08 14:51:20 | INFO | EDA-NB |   Max: 5.00
2026-06-08 14:51:20 | INFO | EDA-NB |   Range: 5.00
2026-06-08 14:51:20 | INFO | EDA-NB | Parents/Children Statistics (using numpy):
2026-06-08 14:51:20 | INFO | EDA-NB |   Mean: 0.43
2026-06-08 14:51:20 | INFO | EDA-NB |   Std Dev: 0.85
2026-06-08 14:51:20 | INFO | EDA-NB |   Min: 0.00
2026-06-08 14:51:20 | INFO | EDA-NB |   Max: 6.00
2026-06-08 14:51:20 | INFO | EDA-NB |   Range: 6.00
2026-06-08 14:51:20 | INFO | EDA-NB | Computing overall descriptive statistics
2026-06-08 14:51:20 | DEBUG | EDA-NB | 
          count       mean        std   min     25%   50%   75%   max
age       714.0  29.699118  14.526497  0.42  20.125  28.0  38.0  80.0
survived  714.0   0.406162   0.491460  0.00   0.000   0.0   1.0   1.0
pclass    714.0   2.236695   0.838250  1.00   1.000   2.0   3.0   3.0
sibsp     714.0   0.512605   0.929783  0.00   0.000   0.0   1.0   5.0
parch     714.0   0.431373   0.853289  0.00   0.000   0.0   1.0   6.0
2026-06-08 14:51:20 | INFO | EDA-NB | --------------- Using pandas groupby() and agg() ---------------
2026-06-08 14:51:20 | INFO | EDA-NB | Computing descriptive statistics by group
2026-06-08 14:51:20 | DEBUG | EDA-NB | 
         age                                   survived                             pclass                          \
       count       mean        std   min   max    count      mean       std min max  count      mean       std min   
sex                                                                                                                  
female   261  27.915709  14.110146  0.75  63.0      261  0.754789  0.431039   0   1    261  2.065134  0.845560   1   
male     453  30.726645  14.678201  0.42  80.0      453  0.205298  0.404366   0   1    453  2.335541  0.818748   1   

           sibsp                             parch                              
       max count      mean       std min max count      mean       std min max  
sex                                                                             
female   3   261  0.639847  0.928493   0   5   261  0.708812  1.066752   0   6  
male     3   453  0.439294  0.923609   0   5   453  0.271523  0.651076   0   5  
2026-06-08 14:51:20 | INFO | EDA-NB | --------------- Improving the output ---------------
2026-06-08 14:51:20 | DEBUG | EDA-NB | 
                 count       mean        std   min   max
sex                                                     
female age         261  27.915709  14.110146  0.75  63.0
       survived    261   0.754789   0.431039  0.00   1.0
       pclass      261   2.065134   0.845560  1.00   3.0
       sibsp       261   0.639847   0.928493  0.00   5.0
       parch       261   0.708812   1.066752  0.00   6.0
male   age         453  30.726645  14.678201  0.42  80.0
       survived    453   0.205298   0.404366  0.00   1.0
       pclass      453   2.335541   0.818748  1.00   3.0
       sibsp       453   0.439294   0.923609  0.00   5.0
       parch       453   0.271523   0.651076  0.00   5.0
2026-06-08 14:51:20 | INFO | EDA-NB | Computing correlation matrix for numeric columns
2026-06-08 14:51:20 | INFO | EDA-NB | 
Correlation matrix:
2026-06-08 14:51:20 | DEBUG | EDA-NB | 
          survived    pclass       age     sibsp     parch      fare
survived  1.000000 -0.359653 -0.077221 -0.017358  0.093317  0.268189
pclass   -0.359653  1.000000 -0.369226  0.067247  0.025683 -0.554182
age      -0.077221 -0.369226  1.000000 -0.308247 -0.189119  0.096067
sibsp    -0.017358  0.067247 -0.308247  1.000000  0.383820  0.138329
parch     0.093317  0.025683 -0.189119  0.383820  1.000000  0.205119
fare      0.268189 -0.554182  0.096067  0.138329  0.205119  1.000000
2026-06-08 14:51:20 | INFO | EDA-NB | ---------Visualize Correlation Matrix as a Heatmap---------------
2026-06-08 14:51:20 | INFO | EDA-NB | ---- Creating Scatter Plot to see Relationships ---------------
2026-06-08 14:51:20 | INFO | EDA-NB | ----   Use clean dataframe ------------------------------------
2026-06-08 14:51:20 | INFO | EDA-NB | ----   Set x to age -------------------------------------------
2026-06-08 14:51:20 | INFO | EDA-NB | ----   Set y to fare ------------------------------------------
2026-06-08 14:51:20 | INFO | EDA-NB | ----   Set the hue (color mapping) to the group column (sex) --
2026-06-08 14:51:20 | INFO | EDA-NB | ------- Creating another chart -------
2026-06-08 14:51:20 | INFO | EDA-NB | ------ Creating Box Plot to see Distribution: ---------
2026-06-08 14:51:20 | INFO | EDA-NB | ------   Use clean dataframe --------------------------
2026-06-08 14:51:20 | INFO | EDA-NB | ------   Set x to the  group column (sex)--------------
2026-06-08 14:51:20 | INFO | EDA-NB | ------   Set y to age ---------------------------------
2026-06-08 14:51:20 | INFO | EDA-NB | ------- Creating another chart -------
2026-06-08 14:51:20 | INFO | EDA-NB | ------ Creating Clustered Bar Chart to see Distribution: --------------
2026-06-08 14:51:20 | INFO | EDA-NB | ------   Use clean dataframe ------------------------------------------
2026-06-08 14:51:20 | INFO | EDA-NB | ------   Set x to sex--------------------------------------------------
2026-06-08 14:51:20 | INFO | EDA-NB | ------   Set hue to survival status (0 = Not Survived, 1 = Survived) --
2026-06-08 14:51:20 | INFO | EDA-NB | ------- Creating another chart -------
2026-06-08 14:51:20 | INFO | EDA-NB | ------ Creating Overlapping Density Plot to see Distribution: ---------
2026-06-08 14:51:20 | INFO | EDA-NB | ------   Use clean dataframe ------------------------------------------
2026-06-08 14:51:20 | INFO | EDA-NB | ------   Set x to sex--------------------------------------------------
2026-06-08 14:51:20 | INFO | EDA-NB | ------   Set hue to survival status (0 = Not Survived, 1 = Survived) --
2026-06-08 14:51:20 | INFO | EDA-NB | ========================
2026-06-08 14:51:20 | INFO | EDA-NB | EDA workflow complete
2026-06-08 14:51:20 | INFO | EDA-NB | IMPORTANT: This script creates chart windows.
2026-06-08 14:51:20 | INFO | EDA-NB | Close any chart windows and terminate this process with CTRL+c as needed.
2026-06-08 14:51:20 | INFO | EDA-NB | ========================
2026-06-08 14:51:20 | INFO | EDA-NB | Executed successfully!
2026-06-08 14:51:20 | INFO | EDA-NB | ========================
2026-06-08 15:11:55 | INFO | EDA | === RUN START ===
2026-06-08 15:11:55 | INFO | EDA | project=EDA
2026-06-08 15:11:55 | INFO | EDA | repo_dir=datafun-04-notebooks
2026-06-08 15:11:55 | INFO | EDA | python=3.14.5
2026-06-08 15:11:55 | INFO | EDA | os=Windows 11
2026-06-08 15:11:55 | INFO | EDA | shell=powershell
2026-06-08 15:11:55 | INFO | EDA | cwd=.
2026-06-08 15:11:55 | INFO | EDA | github_actions=False
2026-06-08 15:11:55 | INFO | EDA | ========================
2026-06-08 15:11:55 | INFO | EDA | START main()
2026-06-08 15:11:55 | INFO | EDA | ========================
2026-06-08 15:11:55 | INFO | EDA | --- Section 2: Load dataset: titanic ---
2026-06-08 15:11:55 | INFO | EDA | Loading dataset: titanic
2026-06-08 15:11:55 | INFO | EDA | Loaded: 891 rows, 15 columns
2026-06-08 15:11:55 | INFO | EDA | --- Section 3: Inspect shape and basic structure ---
2026-06-08 15:11:55 | INFO | EDA | Previewing first few rows of the dataset
2026-06-08 15:11:55 | DEBUG | EDA | 
   survived  pclass     sex   age  sibsp  parch     fare embarked  class    who  adult_male deck  embark_town alive  \
0         0       3    male  22.0      1      0   7.2500        S  Third    man        True  NaN  Southampton    no   
1         1       1  female  38.0      1      0  71.2833        C  First  woman       False    C    Cherbourg   yes   
2         1       3  female  26.0      0      0   7.9250        S  Third  woman       False  NaN  Southampton   yes   
3         1       1  female  35.0      1      0  53.1000        S  First  woman       False    C  Southampton   yes   
4         0       3    male  35.0      0      0   8.0500        S  Third    man        True  NaN  Southampton    no   

   alone  
0  False  
1  False  
2   True  
3  False  
4   True  
2026-06-08 15:11:55 | INFO | EDA | Column names
2026-06-08 15:11:55 | DEBUG | EDA | ['survived', 'pclass', 'sex', 'age', 'sibsp', 'parch', 'fare', 'embarked', 'class', 'who', 'adult_male', 'deck', 'embark_town', 'alive', 'alone']
2026-06-08 15:11:55 | INFO | EDA | DataFrame info (types and non-null counts)
2026-06-08 15:11:55 | INFO | EDA | Dataset shape: 891 rows, 15 columns
2026-06-08 15:11:55 | INFO | EDA | --- Section 4: Create Data Dictionary and Check Data Quality ---
2026-06-08 15:11:55 | INFO | EDA | Building starter data dictionary
2026-06-08 15:11:55 | DEBUG | EDA | 
         column     dtype  missing_count  missing_pct
0      survived     int64              0         0.00
1        pclass     int64              0         0.00
2           sex       str              0         0.00
3           age   float64            177        19.87
4         sibsp     int64              0         0.00
5         parch     int64              0         0.00
6          fare   float64              0         0.00
7      embarked       str              2         0.22
8         class  category              0         0.00
9           who       str              0         0.00
10   adult_male      bool              0         0.00
11         deck  category            688        77.22
12  embark_town       str              2         0.22
13        alive       str              0         0.00
14        alone      bool              0         0.00
2026-06-08 15:11:55 | INFO | EDA | Missing values per column:
2026-06-08 15:11:55 | INFO | EDA | 
survived         0
pclass           0
sex              0
age            177
sibsp            0
parch            0
fare             0
embarked         2
class            0
who              0
adult_male       0
deck           688
embark_town      2
alive            0
alone            0
dtype: int64
2026-06-08 15:11:55 | INFO | EDA | Checking missing values per column
2026-06-08 15:11:55 | DEBUG | EDA | 
deck           688
age            177
embarked         2
embark_town      2
sex              0
pclass           0
survived         0
fare             0
parch            0
sibsp            0
class            0
adult_male       0
who              0
alive            0
alone            0
dtype: int64
2026-06-08 15:11:55 | INFO | EDA | Duplicate rows detected: 107
2026-06-08 15:11:55 | INFO | EDA | Call describe() for numeric columns
2026-06-08 15:11:55 | DEBUG | EDA | 
              age    survived      pclass       sibsp       parch
count  714.000000  891.000000  891.000000  891.000000  891.000000
mean    29.699118    0.383838    2.308642    0.523008    0.381594
std     14.526497    0.486592    0.836071    1.102743    0.806057
min      0.420000    0.000000    1.000000    0.000000    0.000000
25%     20.125000    0.000000    2.000000    0.000000    0.000000
50%     28.000000    0.000000    3.000000    0.000000    0.000000
75%     38.000000    1.000000    3.000000    1.000000    0.000000
max     80.000000    1.000000    3.000000    8.000000    6.000000

2026-06-08 15:11:55 | INFO | EDA | --- Section 5: Create a cleaned view for EDA ---
2026-06-08 15:11:55 | INFO | EDA | Creating cleaned view for EDA (dropping rows with key missing values)
2026-06-08 15:11:55 | DEBUG | EDA | Columns required to be non-missing: ['age', 'survived', 'pclass', 'sibsp', 'parch', 'sex']
2026-06-08 15:11:55 | INFO | EDA | Original rows: 891
2026-06-08 15:11:55 | INFO | EDA | Clean rows:    714
2026-06-08 15:11:55 | INFO | EDA | Rows dropped:  177
2026-06-08 15:11:55 | INFO | EDA | --- Section 6: Descriptive statistics for numeric columns ---
2026-06-08 15:11:55 | INFO | EDA | --------------- Manual statistics ---------------
2026-06-08 15:11:55 | INFO | EDA | Age Statistics (using numpy):
2026-06-08 15:11:55 | INFO | EDA |   Mean: 29.70
2026-06-08 15:11:55 | INFO | EDA |   Std Dev: 14.52
2026-06-08 15:11:55 | INFO | EDA |   Min: 0.42
2026-06-08 15:11:55 | INFO | EDA |   Max: 80.00
2026-06-08 15:11:55 | INFO | EDA |   Range: 79.58
2026-06-08 15:11:55 | INFO | EDA | Siblings/Spouses Statistics (using numpy):
2026-06-08 15:11:55 | INFO | EDA |   Mean: 0.51
2026-06-08 15:11:55 | INFO | EDA |   Std Dev: 0.93
2026-06-08 15:11:55 | INFO | EDA |   Min: 0.00
2026-06-08 15:11:55 | INFO | EDA |   Max: 5.00
2026-06-08 15:11:55 | INFO | EDA |   Range: 5.00
2026-06-08 15:11:55 | INFO | EDA | Parents/Children Statistics (using numpy):
2026-06-08 15:11:55 | INFO | EDA |   Mean: 0.43
2026-06-08 15:11:55 | INFO | EDA |   Std Dev: 0.85
2026-06-08 15:11:55 | INFO | EDA |   Min: 0.00
2026-06-08 15:11:55 | INFO | EDA |   Max: 6.00
2026-06-08 15:11:55 | INFO | EDA |   Range: 6.00
2026-06-08 15:11:55 | INFO | EDA | --------------- Using pandas describe() method ---------------
2026-06-08 15:11:55 | INFO | EDA | Computing overall descriptive statistics
2026-06-08 15:11:55 | DEBUG | EDA | 
          count       mean        std   min     25%   50%   75%   max
age       714.0  29.699118  14.526497  0.42  20.125  28.0  38.0  80.0
survived  714.0   0.406162   0.491460  0.00   0.000   0.0   1.0   1.0
pclass    714.0   2.236695   0.838250  1.00   1.000   2.0   3.0   3.0
sibsp     714.0   0.512605   0.929783  0.00   0.000   0.0   1.0   5.0
parch     714.0   0.431373   0.853289  0.00   0.000   0.0   1.0   6.0
2026-06-08 15:11:55 | INFO | EDA | --------------- Using pandas groupby() and agg() ---------------
2026-06-08 15:11:55 | INFO | EDA | Computing descriptive statistics by group
2026-06-08 15:11:55 | DEBUG | EDA | 
         age                                   survived                             pclass                          \
       count       mean        std   min   max    count      mean       std min max  count      mean       std min   
sex                                                                                                                  
female   261  27.915709  14.110146  0.75  63.0      261  0.754789  0.431039   0   1    261  2.065134  0.845560   1   
male     453  30.726645  14.678201  0.42  80.0      453  0.205298  0.404366   0   1    453  2.335541  0.818748   1   

           sibsp                             parch                              
       max count      mean       std min max count      mean       std min max  
sex                                                                             
female   3   261  0.639847  0.928493   0   5   261  0.708812  1.066752   0   6  
male     3   453  0.439294  0.923609   0   5   453  0.271523  0.651076   0   5  
2026-06-08 15:11:55 | INFO | EDA | 
Stacked view - easier to read in logs:
2026-06-08 15:11:55 | DEBUG | EDA | 
                 count       mean        std   min   max
sex                                                     
female age         261  27.915709  14.110146  0.75  63.0
       survived    261   0.754789   0.431039  0.00   1.0
       pclass      261   2.065134   0.845560  1.00   3.0
       sibsp       261   0.639847   0.928493  0.00   5.0
       parch       261   0.708812   1.066752  0.00   6.0
male   age         453  30.726645  14.678201  0.42  80.0
       survived    453   0.205298   0.404366  0.00   1.0
       pclass      453   2.335541   0.818748  1.00   3.0
       sibsp       453   0.439294   0.923609  0.00   5.0
       parch       453   0.271523   0.651076  0.00   5.0
2026-06-08 15:11:55 | INFO | EDA | --- Section 7: Correlation matrix for numeric columns ---
2026-06-08 15:11:55 | INFO | EDA | Computing correlation matrix for numeric columns
2026-06-08 15:11:55 | INFO | EDA | 
Correlation matrix:
2026-06-08 15:11:55 | DEBUG | EDA | 
          survived    pclass       age     sibsp     parch      fare
survived  1.000000 -0.359653 -0.077221 -0.017358  0.093317  0.268189
pclass   -0.359653  1.000000 -0.369226  0.067247  0.025683 -0.554182
age      -0.077221 -0.369226  1.000000 -0.308247 -0.189119  0.096067
sibsp    -0.017358  0.067247 -0.308247  1.000000  0.383820  0.138329
parch     0.093317  0.025683 -0.189119  0.383820  1.000000  0.205119
fare      0.268189 -0.554182  0.096067  0.138329  0.205119  1.000000
2026-06-08 15:11:55 | INFO | EDA | ---------Visualize Correlation Matrix as a Heatmap---------------
2026-06-08 15:11:56 | INFO | EDA | 
CUSTOM: Update these notes and use Markdown cells to narrate and tell the story as you explore. For example:

Interpretation:

 - Values close to 1 (dark red) = strong positive correlation (both increase together)
 - Values close to -1 (dark blue) = strong negative correlation (one increases, other decreases)
 - Values close to 0 (white) = little or no linear relationship
 - The diagonal is always 1 (each variable correlates perfectly with itself)

From this heatmap, we can see that **fare** and **ticket class** show moderate negative correlation (~-0.55).
No other variables show any real notable correlations.

2026-06-08 15:11:56 | INFO | EDA | --- Section 8: Charts ---
2026-06-08 15:11:56 | INFO | EDA | ---- Creating Scatter Plot to see Relationships ---------------
2026-06-08 15:11:56 | INFO | EDA | ----   Use clean dataframe ------------------------------------
2026-06-08 15:11:56 | INFO | EDA | ----   Set x to age -------------------------------------------
2026-06-08 15:11:56 | INFO | EDA | ----   Set y to fare ------------------------------------------
2026-06-08 15:11:56 | INFO | EDA | ----   Set the hue (color mapping) to the group column (sex) --
2026-06-08 15:11:56 | INFO | EDA | ------- Creating another chart -------
2026-06-08 15:11:56 | INFO | EDA | ------ Creating Box Plot to see Distribution: ---------
2026-06-08 15:11:56 | INFO | EDA | ------   Use clean dataframe --------------------------
2026-06-08 15:11:56 | INFO | EDA | ------   Set x to the  group column (sex)--------------
2026-06-08 15:11:56 | INFO | EDA | ------   Set y to age ---------------------------------
2026-06-08 15:11:56 | INFO | EDA | ------- Creating another chart -------
2026-06-08 15:11:56 | INFO | EDA | ------ Creating Clustered Bar Chart to see Distribution: --------------
2026-06-08 15:11:56 | INFO | EDA | ------   Use clean dataframe ------------------------------------------
2026-06-08 15:11:56 | INFO | EDA | ------   Set x to sex--------------------------------------------------
2026-06-08 15:11:56 | INFO | EDA | ------   Set hue to survival status (0 = Not Survived, 1 = Survived) --
2026-06-08 15:11:56 | INFO | EDA | ------- Creating another chart -------
2026-06-08 15:11:56 | INFO | EDA | ------ Creating Overlapping Density Plot to see Distribution: ---------
2026-06-08 15:11:56 | INFO | EDA | ------   Use clean dataframe ------------------------------------------
2026-06-08 15:11:56 | INFO | EDA | ------   Set x to sex--------------------------------------------------
2026-06-08 15:11:56 | INFO | EDA | ------   Set hue to survival status (0 = Not Survived, 1 = Survived) --
2026-06-08 15:12:16 | INFO | EDA | --- Section 9: Summary and next steps ---
2026-06-08 15:12:16 | INFO | EDA | ========================
2026-06-08 15:12:16 | INFO | EDA | See .py file or notebook for summary of findings and suggested next steps.
2026-06-08 15:12:16 | INFO | EDA | ========================
2026-06-08 15:12:16 | INFO | EDA | ----- in a script, call plt.show() once at the end to display all charts -----
2026-06-08 15:12:16 | INFO | EDA | ----- in a script, close the chart windows (with the close button) to continue  -----
2026-06-08 15:12:16 | INFO | EDA | ========================
2026-06-08 15:12:16 | INFO | EDA | EDA workflow complete
2026-06-08 15:12:16 | INFO | EDA | IMPORTANT: This script creates chart windows.
2026-06-08 15:12:16 | INFO | EDA | Close any chart windows and terminate this process with CTRL+c as needed.
2026-06-08 15:12:16 | INFO | EDA | ========================
2026-06-08 15:12:16 | INFO | EDA | Executed successfully!
2026-06-08 15:12:16 | INFO | EDA | ========================
2026-06-08 15:14:06 | INFO | EDA | === RUN START ===
2026-06-08 15:14:06 | INFO | EDA | project=EDA
2026-06-08 15:14:06 | INFO | EDA | repo_dir=datafun-04-notebooks
2026-06-08 15:14:06 | INFO | EDA | python=3.14.5
2026-06-08 15:14:06 | INFO | EDA | os=Windows 11
2026-06-08 15:14:06 | INFO | EDA | shell=powershell
2026-06-08 15:14:06 | INFO | EDA | cwd=.
2026-06-08 15:14:06 | INFO | EDA | github_actions=False
2026-06-08 15:14:06 | INFO | EDA | ========================
2026-06-08 15:14:06 | INFO | EDA | START main()
2026-06-08 15:14:06 | INFO | EDA | ========================
2026-06-08 15:14:06 | INFO | EDA | --- Section 2: Load dataset: titanic ---
2026-06-08 15:14:06 | INFO | EDA | Loading dataset: titanic
2026-06-08 15:14:06 | INFO | EDA | Loaded: 891 rows, 15 columns
2026-06-08 15:14:06 | INFO | EDA | --- Section 3: Inspect shape and basic structure ---
2026-06-08 15:14:06 | INFO | EDA | Previewing first few rows of the dataset
2026-06-08 15:14:06 | DEBUG | EDA | 
   survived  pclass     sex   age  sibsp  parch     fare embarked  class    who  adult_male deck  embark_town alive  \
0         0       3    male  22.0      1      0   7.2500        S  Third    man        True  NaN  Southampton    no   
1         1       1  female  38.0      1      0  71.2833        C  First  woman       False    C    Cherbourg   yes   
2         1       3  female  26.0      0      0   7.9250        S  Third  woman       False  NaN  Southampton   yes   
3         1       1  female  35.0      1      0  53.1000        S  First  woman       False    C  Southampton   yes   
4         0       3    male  35.0      0      0   8.0500        S  Third    man        True  NaN  Southampton    no   

   alone  
0  False  
1  False  
2   True  
3  False  
4   True  
2026-06-08 15:14:06 | INFO | EDA | Column names
2026-06-08 15:14:06 | DEBUG | EDA | ['survived', 'pclass', 'sex', 'age', 'sibsp', 'parch', 'fare', 'embarked', 'class', 'who', 'adult_male', 'deck', 'embark_town', 'alive', 'alone']
2026-06-08 15:14:06 | INFO | EDA | DataFrame info (types and non-null counts)
2026-06-08 15:14:06 | INFO | EDA | Dataset shape: 891 rows, 15 columns
2026-06-08 15:14:06 | INFO | EDA | --- Section 4: Create Data Dictionary and Check Data Quality ---
2026-06-08 15:14:06 | INFO | EDA | Building starter data dictionary
2026-06-08 15:14:06 | DEBUG | EDA | 
         column     dtype  missing_count  missing_pct
0      survived     int64              0         0.00
1        pclass     int64              0         0.00
2           sex       str              0         0.00
3           age   float64            177        19.87
4         sibsp     int64              0         0.00
5         parch     int64              0         0.00
6          fare   float64              0         0.00
7      embarked       str              2         0.22
8         class  category              0         0.00
9           who       str              0         0.00
10   adult_male      bool              0         0.00
11         deck  category            688        77.22
12  embark_town       str              2         0.22
13        alive       str              0         0.00
14        alone      bool              0         0.00
2026-06-08 15:14:06 | INFO | EDA | Missing values per column:
2026-06-08 15:14:06 | INFO | EDA | 
survived         0
pclass           0
sex              0
age            177
sibsp            0
parch            0
fare             0
embarked         2
class            0
who              0
adult_male       0
deck           688
embark_town      2
alive            0
alone            0
dtype: int64
2026-06-08 15:14:06 | INFO | EDA | Checking missing values per column
2026-06-08 15:14:06 | DEBUG | EDA | 
deck           688
age            177
embarked         2
embark_town      2
sex              0
pclass           0
survived         0
fare             0
parch            0
sibsp            0
class            0
adult_male       0
who              0
alive            0
alone            0
dtype: int64
2026-06-08 15:14:06 | INFO | EDA | Duplicate rows detected: 107
2026-06-08 15:14:06 | INFO | EDA | Call describe() for numeric columns
2026-06-08 15:14:06 | DEBUG | EDA | 
              age    survived      pclass       sibsp       parch
count  714.000000  891.000000  891.000000  891.000000  891.000000
mean    29.699118    0.383838    2.308642    0.523008    0.381594
std     14.526497    0.486592    0.836071    1.102743    0.806057
min      0.420000    0.000000    1.000000    0.000000    0.000000
25%     20.125000    0.000000    2.000000    0.000000    0.000000
50%     28.000000    0.000000    3.000000    0.000000    0.000000
75%     38.000000    1.000000    3.000000    1.000000    0.000000
max     80.000000    1.000000    3.000000    8.000000    6.000000

2026-06-08 15:14:06 | INFO | EDA | --- Section 5: Create a cleaned view for EDA ---
2026-06-08 15:14:06 | INFO | EDA | Creating cleaned view for EDA (dropping rows with key missing values)
2026-06-08 15:14:06 | DEBUG | EDA | Columns required to be non-missing: ['age', 'survived', 'pclass', 'sibsp', 'parch', 'sex']
2026-06-08 15:14:06 | INFO | EDA | Original rows: 891
2026-06-08 15:14:06 | INFO | EDA | Clean rows:    714
2026-06-08 15:14:06 | INFO | EDA | Rows dropped:  177
2026-06-08 15:14:06 | INFO | EDA | --- Section 6: Descriptive statistics for numeric columns ---
2026-06-08 15:14:06 | INFO | EDA | --------------- Manual statistics ---------------
2026-06-08 15:14:06 | INFO | EDA | Age Statistics (using numpy):
2026-06-08 15:14:06 | INFO | EDA |   Mean: 29.70
2026-06-08 15:14:06 | INFO | EDA |   Std Dev: 14.52
2026-06-08 15:14:06 | INFO | EDA |   Min: 0.42
2026-06-08 15:14:06 | INFO | EDA |   Max: 80.00
2026-06-08 15:14:06 | INFO | EDA |   Range: 79.58
2026-06-08 15:14:06 | INFO | EDA | Siblings/Spouses Statistics (using numpy):
2026-06-08 15:14:06 | INFO | EDA |   Mean: 0.51
2026-06-08 15:14:06 | INFO | EDA |   Std Dev: 0.93
2026-06-08 15:14:06 | INFO | EDA |   Min: 0.00
2026-06-08 15:14:06 | INFO | EDA |   Max: 5.00
2026-06-08 15:14:06 | INFO | EDA |   Range: 5.00
2026-06-08 15:14:06 | INFO | EDA | Parents/Children Statistics (using numpy):
2026-06-08 15:14:06 | INFO | EDA |   Mean: 0.43
2026-06-08 15:14:06 | INFO | EDA |   Std Dev: 0.85
2026-06-08 15:14:06 | INFO | EDA |   Min: 0.00
2026-06-08 15:14:06 | INFO | EDA |   Max: 6.00
2026-06-08 15:14:06 | INFO | EDA |   Range: 6.00
2026-06-08 15:14:06 | INFO | EDA | --------------- Using pandas describe() method ---------------
2026-06-08 15:14:06 | INFO | EDA | Computing overall descriptive statistics
2026-06-08 15:14:06 | DEBUG | EDA | 
          count       mean        std   min     25%   50%   75%   max
age       714.0  29.699118  14.526497  0.42  20.125  28.0  38.0  80.0
survived  714.0   0.406162   0.491460  0.00   0.000   0.0   1.0   1.0
pclass    714.0   2.236695   0.838250  1.00   1.000   2.0   3.0   3.0
sibsp     714.0   0.512605   0.929783  0.00   0.000   0.0   1.0   5.0
parch     714.0   0.431373   0.853289  0.00   0.000   0.0   1.0   6.0
2026-06-08 15:14:06 | INFO | EDA | --------------- Using pandas groupby() and agg() ---------------
2026-06-08 15:14:06 | INFO | EDA | Computing descriptive statistics by group
2026-06-08 15:14:06 | DEBUG | EDA | 
         age                                   survived                             pclass                          \
       count       mean        std   min   max    count      mean       std min max  count      mean       std min   
sex                                                                                                                  
female   261  27.915709  14.110146  0.75  63.0      261  0.754789  0.431039   0   1    261  2.065134  0.845560   1   
male     453  30.726645  14.678201  0.42  80.0      453  0.205298  0.404366   0   1    453  2.335541  0.818748   1   

           sibsp                             parch                              
       max count      mean       std min max count      mean       std min max  
sex                                                                             
female   3   261  0.639847  0.928493   0   5   261  0.708812  1.066752   0   6  
male     3   453  0.439294  0.923609   0   5   453  0.271523  0.651076   0   5  
2026-06-08 15:14:06 | INFO | EDA | 
Stacked view - easier to read in logs:
2026-06-08 15:14:06 | DEBUG | EDA | 
                 count       mean        std   min   max
sex                                                     
female age         261  27.915709  14.110146  0.75  63.0
       survived    261   0.754789   0.431039  0.00   1.0
       pclass      261   2.065134   0.845560  1.00   3.0
       sibsp       261   0.639847   0.928493  0.00   5.0
       parch       261   0.708812   1.066752  0.00   6.0
male   age         453  30.726645  14.678201  0.42  80.0
       survived    453   0.205298   0.404366  0.00   1.0
       pclass      453   2.335541   0.818748  1.00   3.0
       sibsp       453   0.439294   0.923609  0.00   5.0
       parch       453   0.271523   0.651076  0.00   5.0
2026-06-08 15:14:06 | INFO | EDA | --- Section 7: Correlation matrix for numeric columns ---
2026-06-08 15:14:06 | INFO | EDA | Computing correlation matrix for numeric columns
2026-06-08 15:14:06 | INFO | EDA | 
Correlation matrix:
2026-06-08 15:14:06 | DEBUG | EDA | 
          survived    pclass       age     sibsp     parch      fare
survived  1.000000 -0.359653 -0.077221 -0.017358  0.093317  0.268189
pclass   -0.359653  1.000000 -0.369226  0.067247  0.025683 -0.554182
age      -0.077221 -0.369226  1.000000 -0.308247 -0.189119  0.096067
sibsp    -0.017358  0.067247 -0.308247  1.000000  0.383820  0.138329
parch     0.093317  0.025683 -0.189119  0.383820  1.000000  0.205119
fare      0.268189 -0.554182  0.096067  0.138329  0.205119  1.000000
2026-06-08 15:14:06 | INFO | EDA | ---------Visualize Correlation Matrix as a Heatmap---------------
2026-06-08 15:14:07 | INFO | EDA | 
CUSTOM: Update these notes and use Markdown cells to narrate and tell the story as you explore. For example:

Interpretation:

 - Values close to 1 (dark red) = strong positive correlation (both increase together)
 - Values close to -1 (dark blue) = strong negative correlation (one increases, other decreases)
 - Values close to 0 (white) = little or no linear relationship
 - The diagonal is always 1 (each variable correlates perfectly with itself)

From this heatmap, we can see that **fare** and **ticket class** show moderate negative correlation (~-0.55).
No other variables show any real notable correlations.

2026-06-08 15:14:07 | INFO | EDA | --- Section 8: Charts ---
2026-06-08 15:14:07 | INFO | EDA | ---- Creating Scatter Plot to see Relationships ---------------
2026-06-08 15:14:07 | INFO | EDA | ----   Use clean dataframe ------------------------------------
2026-06-08 15:14:07 | INFO | EDA | ----   Set x to age -------------------------------------------
2026-06-08 15:14:07 | INFO | EDA | ----   Set y to fare ------------------------------------------
2026-06-08 15:14:07 | INFO | EDA | ----   Set the hue (color mapping) to the group column (sex) --
2026-06-08 15:14:07 | INFO | EDA | ------- Creating another chart -------
2026-06-08 15:14:07 | INFO | EDA | ------ Creating Box Plot to see Distribution: ---------
2026-06-08 15:14:07 | INFO | EDA | ------   Use clean dataframe --------------------------
2026-06-08 15:14:07 | INFO | EDA | ------   Set x to the  group column (sex)--------------
2026-06-08 15:14:07 | INFO | EDA | ------   Set y to age ---------------------------------
2026-06-08 15:14:07 | INFO | EDA | ------- Creating another chart -------
2026-06-08 15:14:07 | INFO | EDA | ------ Creating Clustered Bar Chart to see Distribution: --------------
2026-06-08 15:14:07 | INFO | EDA | ------   Use clean dataframe ------------------------------------------
2026-06-08 15:14:07 | INFO | EDA | ------   Set x to sex--------------------------------------------------
2026-06-08 15:14:07 | INFO | EDA | ------   Set hue to survival status (0 = Not Survived, 1 = Survived) --
2026-06-08 15:14:07 | INFO | EDA | ------- Creating another chart -------
2026-06-08 15:14:07 | INFO | EDA | ------ Creating Overlapping Density Plot to see Distribution: ---------
2026-06-08 15:14:07 | INFO | EDA | ------   Use clean dataframe ------------------------------------------
2026-06-08 15:14:07 | INFO | EDA | ------   Set x to sex--------------------------------------------------
2026-06-08 15:14:07 | INFO | EDA | ------   Set hue to survival status (0 = Not Survived, 1 = Survived) --
2026-06-08 15:15:40 | INFO | EDA | --- Section 9: Summary and next steps ---
2026-06-08 15:15:40 | INFO | EDA | ========================
2026-06-08 15:15:40 | INFO | EDA | See .py file or notebook for summary of findings and suggested next steps.
2026-06-08 15:15:40 | INFO | EDA | ========================
2026-06-08 15:15:40 | INFO | EDA | -----  close the chart windows (with the close button) to continue  -----
2026-06-08 15:15:40 | INFO | EDA | ========================
2026-06-08 15:15:40 | INFO | EDA | EDA workflow complete
2026-06-08 15:15:40 | INFO | EDA | IMPORTANT: This script creates chart windows.
2026-06-08 15:15:40 | INFO | EDA | Close any chart windows and terminate this process with CTRL+c as needed.
2026-06-08 15:15:40 | INFO | EDA | ========================
2026-06-08 15:15:40 | INFO | EDA | Executed successfully!
2026-06-08 15:15:40 | INFO | EDA | ========================
2026-06-08 15:15:45 | INFO | EDA | === RUN START ===
2026-06-08 15:15:45 | INFO | EDA | project=EDA
2026-06-08 15:15:45 | INFO | EDA | repo_dir=datafun-04-notebooks
2026-06-08 15:15:45 | INFO | EDA | python=3.14.5
2026-06-08 15:15:45 | INFO | EDA | os=Windows 11
2026-06-08 15:15:45 | INFO | EDA | shell=powershell
2026-06-08 15:15:45 | INFO | EDA | cwd=.
2026-06-08 15:15:45 | INFO | EDA | github_actions=False
2026-06-08 15:15:45 | INFO | EDA | ========================
2026-06-08 15:15:45 | INFO | EDA | START main()
2026-06-08 15:15:45 | INFO | EDA | ========================
2026-06-08 15:15:45 | INFO | EDA | --- Section 2: Load dataset: titanic ---
2026-06-08 15:15:45 | INFO | EDA | Loading dataset: titanic
2026-06-08 15:15:45 | INFO | EDA | Loaded: 891 rows, 15 columns
2026-06-08 15:15:45 | INFO | EDA | --- Section 3: Inspect shape and basic structure ---
2026-06-08 15:15:45 | INFO | EDA | Previewing first few rows of the dataset
2026-06-08 15:15:45 | DEBUG | EDA | 
   survived  pclass     sex   age  sibsp  parch     fare embarked  class    who  adult_male deck  embark_town alive  \
0         0       3    male  22.0      1      0   7.2500        S  Third    man        True  NaN  Southampton    no   
1         1       1  female  38.0      1      0  71.2833        C  First  woman       False    C    Cherbourg   yes   
2         1       3  female  26.0      0      0   7.9250        S  Third  woman       False  NaN  Southampton   yes   
3         1       1  female  35.0      1      0  53.1000        S  First  woman       False    C  Southampton   yes   
4         0       3    male  35.0      0      0   8.0500        S  Third    man        True  NaN  Southampton    no   

   alone  
0  False  
1  False  
2   True  
3  False  
4   True  
2026-06-08 15:15:45 | INFO | EDA | Column names
2026-06-08 15:15:45 | DEBUG | EDA | ['survived', 'pclass', 'sex', 'age', 'sibsp', 'parch', 'fare', 'embarked', 'class', 'who', 'adult_male', 'deck', 'embark_town', 'alive', 'alone']
2026-06-08 15:15:45 | INFO | EDA | DataFrame info (types and non-null counts)
2026-06-08 15:15:45 | INFO | EDA | Dataset shape: 891 rows, 15 columns
2026-06-08 15:15:45 | INFO | EDA | --- Section 4: Create Data Dictionary and Check Data Quality ---
2026-06-08 15:15:45 | INFO | EDA | Building starter data dictionary
2026-06-08 15:15:45 | DEBUG | EDA | 
         column     dtype  missing_count  missing_pct
0      survived     int64              0         0.00
1        pclass     int64              0         0.00
2           sex       str              0         0.00
3           age   float64            177        19.87
4         sibsp     int64              0         0.00
5         parch     int64              0         0.00
6          fare   float64              0         0.00
7      embarked       str              2         0.22
8         class  category              0         0.00
9           who       str              0         0.00
10   adult_male      bool              0         0.00
11         deck  category            688        77.22
12  embark_town       str              2         0.22
13        alive       str              0         0.00
14        alone      bool              0         0.00
2026-06-08 15:15:45 | INFO | EDA | Missing values per column:
2026-06-08 15:15:45 | INFO | EDA | 
survived         0
pclass           0
sex              0
age            177
sibsp            0
parch            0
fare             0
embarked         2
class            0
who              0
adult_male       0
deck           688
embark_town      2
alive            0
alone            0
dtype: int64
2026-06-08 15:15:45 | INFO | EDA | Checking missing values per column
2026-06-08 15:15:45 | DEBUG | EDA | 
deck           688
age            177
embarked         2
embark_town      2
sex              0
pclass           0
survived         0
fare             0
parch            0
sibsp            0
class            0
adult_male       0
who              0
alive            0
alone            0
dtype: int64
2026-06-08 15:15:45 | INFO | EDA | Duplicate rows detected: 107
2026-06-08 15:15:45 | INFO | EDA | Call describe() for numeric columns
2026-06-08 15:15:45 | DEBUG | EDA | 
              age    survived      pclass       sibsp       parch
count  714.000000  891.000000  891.000000  891.000000  891.000000
mean    29.699118    0.383838    2.308642    0.523008    0.381594
std     14.526497    0.486592    0.836071    1.102743    0.806057
min      0.420000    0.000000    1.000000    0.000000    0.000000
25%     20.125000    0.000000    2.000000    0.000000    0.000000
50%     28.000000    0.000000    3.000000    0.000000    0.000000
75%     38.000000    1.000000    3.000000    1.000000    0.000000
max     80.000000    1.000000    3.000000    8.000000    6.000000

2026-06-08 15:15:45 | INFO | EDA | --- Section 5: Create a cleaned view for EDA ---
2026-06-08 15:15:45 | INFO | EDA | Creating cleaned view for EDA (dropping rows with key missing values)
2026-06-08 15:15:45 | DEBUG | EDA | Columns required to be non-missing: ['age', 'survived', 'pclass', 'sibsp', 'parch', 'sex']
2026-06-08 15:15:45 | INFO | EDA | Original rows: 891
2026-06-08 15:15:45 | INFO | EDA | Clean rows:    714
2026-06-08 15:15:45 | INFO | EDA | Rows dropped:  177
2026-06-08 15:15:45 | INFO | EDA | --- Section 6: Descriptive statistics for numeric columns ---
2026-06-08 15:15:45 | INFO | EDA | --------------- Manual statistics ---------------
2026-06-08 15:15:45 | INFO | EDA | Age Statistics (using numpy):
2026-06-08 15:15:45 | INFO | EDA |   Mean: 29.70
2026-06-08 15:15:45 | INFO | EDA |   Std Dev: 14.52
2026-06-08 15:15:45 | INFO | EDA |   Min: 0.42
2026-06-08 15:15:45 | INFO | EDA |   Max: 80.00
2026-06-08 15:15:45 | INFO | EDA |   Range: 79.58
2026-06-08 15:15:45 | INFO | EDA | Siblings/Spouses Statistics (using numpy):
2026-06-08 15:15:45 | INFO | EDA |   Mean: 0.51
2026-06-08 15:15:45 | INFO | EDA |   Std Dev: 0.93
2026-06-08 15:15:45 | INFO | EDA |   Min: 0.00
2026-06-08 15:15:45 | INFO | EDA |   Max: 5.00
2026-06-08 15:15:45 | INFO | EDA |   Range: 5.00
2026-06-08 15:15:45 | INFO | EDA | Parents/Children Statistics (using numpy):
2026-06-08 15:15:45 | INFO | EDA |   Mean: 0.43
2026-06-08 15:15:45 | INFO | EDA |   Std Dev: 0.85
2026-06-08 15:15:45 | INFO | EDA |   Min: 0.00
2026-06-08 15:15:45 | INFO | EDA |   Max: 6.00
2026-06-08 15:15:45 | INFO | EDA |   Range: 6.00
2026-06-08 15:15:45 | INFO | EDA | --------------- Using pandas describe() method ---------------
2026-06-08 15:15:45 | INFO | EDA | Computing overall descriptive statistics
2026-06-08 15:15:45 | DEBUG | EDA | 
          count       mean        std   min     25%   50%   75%   max
age       714.0  29.699118  14.526497  0.42  20.125  28.0  38.0  80.0
survived  714.0   0.406162   0.491460  0.00   0.000   0.0   1.0   1.0
pclass    714.0   2.236695   0.838250  1.00   1.000   2.0   3.0   3.0
sibsp     714.0   0.512605   0.929783  0.00   0.000   0.0   1.0   5.0
parch     714.0   0.431373   0.853289  0.00   0.000   0.0   1.0   6.0
2026-06-08 15:15:45 | INFO | EDA | --------------- Using pandas groupby() and agg() ---------------
2026-06-08 15:15:45 | INFO | EDA | Computing descriptive statistics by group
2026-06-08 15:15:45 | DEBUG | EDA | 
         age                                   survived                             pclass                          \
       count       mean        std   min   max    count      mean       std min max  count      mean       std min   
sex                                                                                                                  
female   261  27.915709  14.110146  0.75  63.0      261  0.754789  0.431039   0   1    261  2.065134  0.845560   1   
male     453  30.726645  14.678201  0.42  80.0      453  0.205298  0.404366   0   1    453  2.335541  0.818748   1   

           sibsp                             parch                              
       max count      mean       std min max count      mean       std min max  
sex                                                                             
female   3   261  0.639847  0.928493   0   5   261  0.708812  1.066752   0   6  
male     3   453  0.439294  0.923609   0   5   453  0.271523  0.651076   0   5  
2026-06-08 15:15:45 | INFO | EDA | 
Stacked view - easier to read in logs:
2026-06-08 15:15:45 | DEBUG | EDA | 
                 count       mean        std   min   max
sex                                                     
female age         261  27.915709  14.110146  0.75  63.0
       survived    261   0.754789   0.431039  0.00   1.0
       pclass      261   2.065134   0.845560  1.00   3.0
       sibsp       261   0.639847   0.928493  0.00   5.0
       parch       261   0.708812   1.066752  0.00   6.0
male   age         453  30.726645  14.678201  0.42  80.0
       survived    453   0.205298   0.404366  0.00   1.0
       pclass      453   2.335541   0.818748  1.00   3.0
       sibsp       453   0.439294   0.923609  0.00   5.0
       parch       453   0.271523   0.651076  0.00   5.0
2026-06-08 15:15:45 | INFO | EDA | --- Section 7: Correlation matrix for numeric columns ---
2026-06-08 15:15:45 | INFO | EDA | Computing correlation matrix for numeric columns
2026-06-08 15:15:45 | INFO | EDA | 
Correlation matrix:
2026-06-08 15:15:45 | DEBUG | EDA | 
          survived    pclass       age     sibsp     parch      fare
survived  1.000000 -0.359653 -0.077221 -0.017358  0.093317  0.268189
pclass   -0.359653  1.000000 -0.369226  0.067247  0.025683 -0.554182
age      -0.077221 -0.369226  1.000000 -0.308247 -0.189119  0.096067
sibsp    -0.017358  0.067247 -0.308247  1.000000  0.383820  0.138329
parch     0.093317  0.025683 -0.189119  0.383820  1.000000  0.205119
fare      0.268189 -0.554182  0.096067  0.138329  0.205119  1.000000
2026-06-08 15:15:45 | INFO | EDA | ---------Visualize Correlation Matrix as a Heatmap---------------
2026-06-08 15:15:45 | INFO | EDA | 
CUSTOM: Update these notes and use Markdown cells to narrate and tell the story as you explore. For example:

Interpretation:

 - Values close to 1 (dark red) = strong positive correlation (both increase together)
 - Values close to -1 (dark blue) = strong negative correlation (one increases, other decreases)
 - Values close to 0 (white) = little or no linear relationship
 - The diagonal is always 1 (each variable correlates perfectly with itself)

From this heatmap, we can see that **fare** and **ticket class** show moderate negative correlation (~-0.55).
No other variables show any real notable correlations.

2026-06-08 15:15:45 | INFO | EDA | --- Section 8: Charts ---
2026-06-08 15:15:45 | INFO | EDA | ---- Creating Scatter Plot to see Relationships ---------------
2026-06-08 15:15:45 | INFO | EDA | ----   Use clean dataframe ------------------------------------
2026-06-08 15:15:45 | INFO | EDA | ----   Set x to age -------------------------------------------
2026-06-08 15:15:45 | INFO | EDA | ----   Set y to fare ------------------------------------------
2026-06-08 15:15:45 | INFO | EDA | ----   Set the hue (color mapping) to the group column (sex) --
2026-06-08 15:15:45 | INFO | EDA | ------- Creating another chart -------
2026-06-08 15:15:45 | INFO | EDA | ------ Creating Box Plot to see Distribution: ---------
2026-06-08 15:15:45 | INFO | EDA | ------   Use clean dataframe --------------------------
2026-06-08 15:15:45 | INFO | EDA | ------   Set x to the  group column (sex)--------------
2026-06-08 15:15:45 | INFO | EDA | ------   Set y to age ---------------------------------
2026-06-08 15:15:45 | INFO | EDA | ------- Creating another chart -------
2026-06-08 15:15:45 | INFO | EDA | ------ Creating Clustered Bar Chart to see Distribution: --------------
2026-06-08 15:15:45 | INFO | EDA | ------   Use clean dataframe ------------------------------------------
2026-06-08 15:15:45 | INFO | EDA | ------   Set x to sex--------------------------------------------------
2026-06-08 15:15:45 | INFO | EDA | ------   Set hue to survival status (0 = Not Survived, 1 = Survived) --
2026-06-08 15:15:45 | INFO | EDA | ------- Creating another chart -------
2026-06-08 15:15:45 | INFO | EDA | ------ Creating Overlapping Density Plot to see Distribution: ---------
2026-06-08 15:15:45 | INFO | EDA | ------   Use clean dataframe ------------------------------------------
2026-06-08 15:15:45 | INFO | EDA | ------   Set x to sex--------------------------------------------------
2026-06-08 15:15:45 | INFO | EDA | ------   Set hue to survival status (0 = Not Survived, 1 = Survived) --
2026-06-08 15:16:56 | INFO | EDA | --- Section 9: Summary and next steps ---
2026-06-08 15:16:56 | INFO | EDA | ========================
2026-06-08 15:16:56 | INFO | EDA | See .py file or notebook for summary of findings and suggested next steps.
2026-06-08 15:16:56 | INFO | EDA | ========================
2026-06-08 15:16:56 | INFO | EDA | -----  close the chart windows (with the close button) to continue  -----
2026-06-08 15:16:56 | INFO | EDA | ========================
2026-06-08 15:16:56 | INFO | EDA | EDA workflow complete
2026-06-08 15:16:56 | INFO | EDA | IMPORTANT: This script creates chart windows.
2026-06-08 15:16:56 | INFO | EDA | Close any chart windows and terminate this process with CTRL+c as needed.
2026-06-08 15:16:56 | INFO | EDA | ========================
2026-06-08 15:16:56 | INFO | EDA | Executed successfully!
2026-06-08 15:16:56 | INFO | EDA | ========================
2026-06-08 15:17:16 | INFO | EDA-NB | === RUN START ===
2026-06-08 15:17:16 | INFO | EDA-NB | project=EDA-NB
2026-06-08 15:17:16 | INFO | EDA-NB | repo_dir=datafun-04-notebooks
2026-06-08 15:17:16 | INFO | EDA-NB | python=3.14.5
2026-06-08 15:17:16 | INFO | EDA-NB | os=Windows 11
2026-06-08 15:17:16 | INFO | EDA-NB | shell=powershell
2026-06-08 15:17:16 | INFO | EDA-NB | cwd=notebooks
2026-06-08 15:17:16 | INFO | EDA-NB | github_actions=False
2026-06-08 15:17:16 | INFO | EDA-NB | Imports complete.
2026-06-08 15:17:16 | INFO | EDA-NB | Loading dataset: titanic
2026-06-08 15:17:16 | INFO | EDA-NB | Loaded: 891 rows, 15 columns
2026-06-08 15:17:16 | INFO | EDA-NB | Previewing first few rows of the dataset
2026-06-08 15:17:16 | INFO | EDA-NB | Column names
2026-06-08 15:17:16 | INFO | EDA-NB | DataFrame info (types and non-null counts)
2026-06-08 15:17:16 | INFO | EDA-NB | Dataset shape: 891 rows, 15 columns
2026-06-08 15:17:16 | INFO | EDA-NB | Building starter data dictionary
2026-06-08 15:17:16 | DEBUG | EDA-NB | 
         column     dtype  missing_count  missing_pct
0      survived     int64              0         0.00
1        pclass     int64              0         0.00
2           sex       str              0         0.00
3           age   float64            177        19.87
4         sibsp     int64              0         0.00
5         parch     int64              0         0.00
6          fare   float64              0         0.00
7      embarked       str              2         0.22
8         class  category              0         0.00
9           who       str              0         0.00
10   adult_male      bool              0         0.00
11         deck  category            688        77.22
12  embark_town       str              2         0.22
13        alive       str              0         0.00
14        alone      bool              0         0.00
2026-06-08 15:17:16 | INFO | EDA-NB | Missing values per column:
2026-06-08 15:17:16 | INFO | EDA-NB | survived         0
pclass           0
sex              0
age            177
sibsp            0
parch            0
fare             0
embarked         2
class            0
who              0
adult_male       0
deck           688
embark_town      2
alive            0
alone            0
dtype: int64
2026-06-08 15:17:16 | INFO | EDA-NB | Checking missing values per column
2026-06-08 15:17:16 | DEBUG | EDA-NB | 
deck           688
age            177
embarked         2
embark_town      2
sex              0
pclass           0
survived         0
fare             0
parch            0
sibsp            0
class            0
adult_male       0
who              0
alive            0
alone            0
dtype: int64
2026-06-08 15:17:16 | INFO | EDA-NB | Duplicate rows detected: 107
2026-06-08 15:17:16 | INFO | EDA-NB | Call describe() for numeric columns
2026-06-08 15:17:16 | DEBUG | EDA-NB | 
              age    survived      pclass       sibsp       parch
count  714.000000  891.000000  891.000000  891.000000  891.000000
mean    29.699118    0.383838    2.308642    0.523008    0.381594
std     14.526497    0.486592    0.836071    1.102743    0.806057
min      0.420000    0.000000    1.000000    0.000000    0.000000
25%     20.125000    0.000000    2.000000    0.000000    0.000000
50%     28.000000    0.000000    3.000000    0.000000    0.000000
75%     38.000000    1.000000    3.000000    1.000000    0.000000
max     80.000000    1.000000    3.000000    8.000000    6.000000

2026-06-08 15:17:17 | DEBUG | EDA-NB | Columns required to be non-missing: ['age', 'survived', 'pclass', 'sibsp', 'parch', 'sex']
2026-06-08 15:17:17 | INFO | EDA-NB | Original rows: 891
2026-06-08 15:17:17 | INFO | EDA-NB | Clean rows:    714
2026-06-08 15:17:17 | INFO | EDA-NB | Rows dropped:  177
2026-06-08 15:17:17 | INFO | EDA-NB | --------------- Manual statistics ---------------
2026-06-08 15:17:17 | INFO | EDA-NB | Age Statistics (using numpy):
2026-06-08 15:17:17 | INFO | EDA-NB |   Mean: 29.70
2026-06-08 15:17:17 | INFO | EDA-NB |   Std Dev: 14.52
2026-06-08 15:17:17 | INFO | EDA-NB |   Min: 0.42
2026-06-08 15:17:17 | INFO | EDA-NB |   Max: 80.00
2026-06-08 15:17:17 | INFO | EDA-NB |   Range: 79.58
2026-06-08 15:17:17 | INFO | EDA-NB | Siblings/Spouses Statistics (using numpy):
2026-06-08 15:17:17 | INFO | EDA-NB |   Mean: 0.51
2026-06-08 15:17:17 | INFO | EDA-NB |   Std Dev: 0.93
2026-06-08 15:17:17 | INFO | EDA-NB |   Min: 0.00
2026-06-08 15:17:17 | INFO | EDA-NB |   Max: 5.00
2026-06-08 15:17:17 | INFO | EDA-NB |   Range: 5.00
2026-06-08 15:17:17 | INFO | EDA-NB | Parents/Children Statistics (using numpy):
2026-06-08 15:17:17 | INFO | EDA-NB |   Mean: 0.43
2026-06-08 15:17:17 | INFO | EDA-NB |   Std Dev: 0.85
2026-06-08 15:17:17 | INFO | EDA-NB |   Min: 0.00
2026-06-08 15:17:17 | INFO | EDA-NB |   Max: 6.00
2026-06-08 15:17:17 | INFO | EDA-NB |   Range: 6.00
2026-06-08 15:17:17 | INFO | EDA-NB | Computing overall descriptive statistics
2026-06-08 15:17:17 | DEBUG | EDA-NB | 
          count       mean        std   min     25%   50%   75%   max
age       714.0  29.699118  14.526497  0.42  20.125  28.0  38.0  80.0
survived  714.0   0.406162   0.491460  0.00   0.000   0.0   1.0   1.0
pclass    714.0   2.236695   0.838250  1.00   1.000   2.0   3.0   3.0
sibsp     714.0   0.512605   0.929783  0.00   0.000   0.0   1.0   5.0
parch     714.0   0.431373   0.853289  0.00   0.000   0.0   1.0   6.0
2026-06-08 15:17:17 | INFO | EDA-NB | --------------- Using pandas groupby() and agg() ---------------
2026-06-08 15:17:17 | INFO | EDA-NB | Computing descriptive statistics by group
2026-06-08 15:17:17 | DEBUG | EDA-NB | 
         age                                   survived                             pclass                          \
       count       mean        std   min   max    count      mean       std min max  count      mean       std min   
sex                                                                                                                  
female   261  27.915709  14.110146  0.75  63.0      261  0.754789  0.431039   0   1    261  2.065134  0.845560   1   
male     453  30.726645  14.678201  0.42  80.0      453  0.205298  0.404366   0   1    453  2.335541  0.818748   1   

           sibsp                             parch                              
       max count      mean       std min max count      mean       std min max  
sex                                                                             
female   3   261  0.639847  0.928493   0   5   261  0.708812  1.066752   0   6  
male     3   453  0.439294  0.923609   0   5   453  0.271523  0.651076   0   5  
2026-06-08 15:17:17 | INFO | EDA-NB | --------------- Improving the output ---------------
2026-06-08 15:17:17 | DEBUG | EDA-NB | 
                 count       mean        std   min   max
sex                                                     
female age         261  27.915709  14.110146  0.75  63.0
       survived    261   0.754789   0.431039  0.00   1.0
       pclass      261   2.065134   0.845560  1.00   3.0
       sibsp       261   0.639847   0.928493  0.00   5.0
       parch       261   0.708812   1.066752  0.00   6.0
male   age         453  30.726645  14.678201  0.42  80.0
       survived    453   0.205298   0.404366  0.00   1.0
       pclass      453   2.335541   0.818748  1.00   3.0
       sibsp       453   0.439294   0.923609  0.00   5.0
       parch       453   0.271523   0.651076  0.00   5.0
2026-06-08 15:17:17 | INFO | EDA-NB | Computing correlation matrix for numeric columns
2026-06-08 15:17:17 | INFO | EDA-NB | 
Correlation matrix:
2026-06-08 15:17:17 | DEBUG | EDA-NB | 
          survived    pclass       age     sibsp     parch      fare
survived  1.000000 -0.359653 -0.077221 -0.017358  0.093317  0.268189
pclass   -0.359653  1.000000 -0.369226  0.067247  0.025683 -0.554182
age      -0.077221 -0.369226  1.000000 -0.308247 -0.189119  0.096067
sibsp    -0.017358  0.067247 -0.308247  1.000000  0.383820  0.138329
parch     0.093317  0.025683 -0.189119  0.383820  1.000000  0.205119
fare      0.268189 -0.554182  0.096067  0.138329  0.205119  1.000000
2026-06-08 15:17:17 | INFO | EDA-NB | ---------Visualize Correlation Matrix as a Heatmap---------------
2026-06-08 15:17:17 | INFO | EDA-NB | ---- Creating Scatter Plot to see Relationships ---------------
2026-06-08 15:17:17 | INFO | EDA-NB | ----   Use clean dataframe ------------------------------------
2026-06-08 15:17:17 | INFO | EDA-NB | ----   Set x to age -------------------------------------------
2026-06-08 15:17:17 | INFO | EDA-NB | ----   Set y to fare ------------------------------------------
2026-06-08 15:17:17 | INFO | EDA-NB | ----   Set the hue (color mapping) to the group column (sex) --
2026-06-08 15:17:17 | INFO | EDA-NB | ------- Creating another chart -------
2026-06-08 15:17:17 | INFO | EDA-NB | ------ Creating Box Plot to see Distribution: ---------
2026-06-08 15:17:17 | INFO | EDA-NB | ------   Use clean dataframe --------------------------
2026-06-08 15:17:17 | INFO | EDA-NB | ------   Set x to the  group column (sex)--------------
2026-06-08 15:17:17 | INFO | EDA-NB | ------   Set y to age ---------------------------------
2026-06-08 15:17:17 | INFO | EDA-NB | ------- Creating another chart -------
2026-06-08 15:17:17 | INFO | EDA-NB | ------ Creating Clustered Bar Chart to see Distribution: --------------
2026-06-08 15:17:17 | INFO | EDA-NB | ------   Use clean dataframe ------------------------------------------
2026-06-08 15:17:17 | INFO | EDA-NB | ------   Set x to sex--------------------------------------------------
2026-06-08 15:17:17 | INFO | EDA-NB | ------   Set hue to survival status (0 = Not Survived, 1 = Survived) --
2026-06-08 15:17:17 | INFO | EDA-NB | ------- Creating another chart -------
2026-06-08 15:17:17 | INFO | EDA-NB | ------ Creating Overlapping Density Plot to see Distribution: ---------
2026-06-08 15:17:17 | INFO | EDA-NB | ------   Use clean dataframe ------------------------------------------
2026-06-08 15:17:17 | INFO | EDA-NB | ------   Set x to sex--------------------------------------------------
2026-06-08 15:17:17 | INFO | EDA-NB | ------   Set hue to survival status (0 = Not Survived, 1 = Survived) --
2026-06-08 15:17:17 | INFO | EDA-NB | ========================
2026-06-08 15:17:17 | INFO | EDA-NB | EDA workflow complete
2026-06-08 15:17:17 | INFO | EDA-NB | IMPORTANT: This script creates chart windows.
2026-06-08 15:17:17 | INFO | EDA-NB | Close any chart windows and terminate this process with CTRL+c as needed.
2026-06-08 15:17:17 | INFO | EDA-NB | ========================
2026-06-08 15:17:17 | INFO | EDA-NB | Executed successfully!
2026-06-08 15:17:17 | INFO | EDA-NB | ========================
2026-06-08 15:17:31 | INFO | EDA-NB | === RUN START ===
2026-06-08 15:17:31 | INFO | EDA-NB | project=EDA-NB
2026-06-08 15:17:31 | INFO | EDA-NB | repo_dir=datafun-04-notebooks
2026-06-08 15:17:31 | INFO | EDA-NB | python=3.14.5
2026-06-08 15:17:31 | INFO | EDA-NB | os=Windows 11
2026-06-08 15:17:31 | INFO | EDA-NB | shell=powershell
2026-06-08 15:17:31 | INFO | EDA-NB | cwd=notebooks
2026-06-08 15:17:31 | INFO | EDA-NB | github_actions=False
2026-06-08 15:17:31 | INFO | EDA-NB | Imports complete.
2026-06-08 15:17:31 | INFO | EDA-NB | Loading dataset: titanic
2026-06-08 15:17:31 | INFO | EDA-NB | Loaded: 891 rows, 15 columns
2026-06-08 15:17:31 | INFO | EDA-NB | Previewing first few rows of the dataset
2026-06-08 15:17:31 | INFO | EDA-NB | Column names
2026-06-08 15:17:31 | INFO | EDA-NB | DataFrame info (types and non-null counts)
2026-06-08 15:17:31 | INFO | EDA-NB | Dataset shape: 891 rows, 15 columns
2026-06-08 15:17:31 | INFO | EDA-NB | Building starter data dictionary
2026-06-08 15:17:31 | DEBUG | EDA-NB | 
         column     dtype  missing_count  missing_pct
0      survived     int64              0         0.00
1        pclass     int64              0         0.00
2           sex       str              0         0.00
3           age   float64            177        19.87
4         sibsp     int64              0         0.00
5         parch     int64              0         0.00
6          fare   float64              0         0.00
7      embarked       str              2         0.22
8         class  category              0         0.00
9           who       str              0         0.00
10   adult_male      bool              0         0.00
11         deck  category            688        77.22
12  embark_town       str              2         0.22
13        alive       str              0         0.00
14        alone      bool              0         0.00
2026-06-08 15:17:31 | INFO | EDA-NB | Missing values per column:
2026-06-08 15:17:31 | INFO | EDA-NB | survived         0
pclass           0
sex              0
age            177
sibsp            0
parch            0
fare             0
embarked         2
class            0
who              0
adult_male       0
deck           688
embark_town      2
alive            0
alone            0
dtype: int64
2026-06-08 15:17:31 | INFO | EDA-NB | Checking missing values per column
2026-06-08 15:17:31 | DEBUG | EDA-NB | 
deck           688
age            177
embarked         2
embark_town      2
sex              0
pclass           0
survived         0
fare             0
parch            0
sibsp            0
class            0
adult_male       0
who              0
alive            0
alone            0
dtype: int64
2026-06-08 15:17:31 | INFO | EDA-NB | Duplicate rows detected: 107
2026-06-08 15:17:31 | INFO | EDA-NB | Call describe() for numeric columns
2026-06-08 15:17:31 | DEBUG | EDA-NB | 
              age    survived      pclass       sibsp       parch
count  714.000000  891.000000  891.000000  891.000000  891.000000
mean    29.699118    0.383838    2.308642    0.523008    0.381594
std     14.526497    0.486592    0.836071    1.102743    0.806057
min      0.420000    0.000000    1.000000    0.000000    0.000000
25%     20.125000    0.000000    2.000000    0.000000    0.000000
50%     28.000000    0.000000    3.000000    0.000000    0.000000
75%     38.000000    1.000000    3.000000    1.000000    0.000000
max     80.000000    1.000000    3.000000    8.000000    6.000000

2026-06-08 15:17:32 | DEBUG | EDA-NB | Columns required to be non-missing: ['age', 'survived', 'pclass', 'sibsp', 'parch', 'sex']
2026-06-08 15:17:32 | INFO | EDA-NB | Original rows: 891
2026-06-08 15:17:32 | INFO | EDA-NB | Clean rows:    714
2026-06-08 15:17:32 | INFO | EDA-NB | Rows dropped:  177
2026-06-08 15:17:32 | INFO | EDA-NB | --------------- Manual statistics ---------------
2026-06-08 15:17:32 | INFO | EDA-NB | Age Statistics (using numpy):
2026-06-08 15:17:32 | INFO | EDA-NB |   Mean: 29.70
2026-06-08 15:17:32 | INFO | EDA-NB |   Std Dev: 14.52
2026-06-08 15:17:32 | INFO | EDA-NB |   Min: 0.42
2026-06-08 15:17:32 | INFO | EDA-NB |   Max: 80.00
2026-06-08 15:17:32 | INFO | EDA-NB |   Range: 79.58
2026-06-08 15:17:32 | INFO | EDA-NB | Siblings/Spouses Statistics (using numpy):
2026-06-08 15:17:32 | INFO | EDA-NB |   Mean: 0.51
2026-06-08 15:17:32 | INFO | EDA-NB |   Std Dev: 0.93
2026-06-08 15:17:32 | INFO | EDA-NB |   Min: 0.00
2026-06-08 15:17:32 | INFO | EDA-NB |   Max: 5.00
2026-06-08 15:17:32 | INFO | EDA-NB |   Range: 5.00
2026-06-08 15:17:32 | INFO | EDA-NB | Parents/Children Statistics (using numpy):
2026-06-08 15:17:32 | INFO | EDA-NB |   Mean: 0.43
2026-06-08 15:17:32 | INFO | EDA-NB |   Std Dev: 0.85
2026-06-08 15:17:32 | INFO | EDA-NB |   Min: 0.00
2026-06-08 15:17:32 | INFO | EDA-NB |   Max: 6.00
2026-06-08 15:17:32 | INFO | EDA-NB |   Range: 6.00
2026-06-08 15:17:32 | INFO | EDA-NB | Computing overall descriptive statistics
2026-06-08 15:17:32 | DEBUG | EDA-NB | 
          count       mean        std   min     25%   50%   75%   max
age       714.0  29.699118  14.526497  0.42  20.125  28.0  38.0  80.0
survived  714.0   0.406162   0.491460  0.00   0.000   0.0   1.0   1.0
pclass    714.0   2.236695   0.838250  1.00   1.000   2.0   3.0   3.0
sibsp     714.0   0.512605   0.929783  0.00   0.000   0.0   1.0   5.0
parch     714.0   0.431373   0.853289  0.00   0.000   0.0   1.0   6.0
2026-06-08 15:17:32 | INFO | EDA-NB | --------------- Using pandas groupby() and agg() ---------------
2026-06-08 15:17:32 | INFO | EDA-NB | Computing descriptive statistics by group
2026-06-08 15:17:32 | DEBUG | EDA-NB | 
         age                                   survived                             pclass                          \
       count       mean        std   min   max    count      mean       std min max  count      mean       std min   
sex                                                                                                                  
female   261  27.915709  14.110146  0.75  63.0      261  0.754789  0.431039   0   1    261  2.065134  0.845560   1   
male     453  30.726645  14.678201  0.42  80.0      453  0.205298  0.404366   0   1    453  2.335541  0.818748   1   

           sibsp                             parch                              
       max count      mean       std min max count      mean       std min max  
sex                                                                             
female   3   261  0.639847  0.928493   0   5   261  0.708812  1.066752   0   6  
male     3   453  0.439294  0.923609   0   5   453  0.271523  0.651076   0   5  
2026-06-08 15:17:32 | INFO | EDA-NB | --------------- Improving the output ---------------
2026-06-08 15:17:32 | DEBUG | EDA-NB | 
                 count       mean        std   min   max
sex                                                     
female age         261  27.915709  14.110146  0.75  63.0
       survived    261   0.754789   0.431039  0.00   1.0
       pclass      261   2.065134   0.845560  1.00   3.0
       sibsp       261   0.639847   0.928493  0.00   5.0
       parch       261   0.708812   1.066752  0.00   6.0
male   age         453  30.726645  14.678201  0.42  80.0
       survived    453   0.205298   0.404366  0.00   1.0
       pclass      453   2.335541   0.818748  1.00   3.0
       sibsp       453   0.439294   0.923609  0.00   5.0
       parch       453   0.271523   0.651076  0.00   5.0
2026-06-08 15:17:32 | INFO | EDA-NB | Computing correlation matrix for numeric columns
2026-06-08 15:17:32 | INFO | EDA-NB | 
Correlation matrix:
2026-06-08 15:17:32 | DEBUG | EDA-NB | 
          survived    pclass       age     sibsp     parch      fare
survived  1.000000 -0.359653 -0.077221 -0.017358  0.093317  0.268189
pclass   -0.359653  1.000000 -0.369226  0.067247  0.025683 -0.554182
age      -0.077221 -0.369226  1.000000 -0.308247 -0.189119  0.096067
sibsp    -0.017358  0.067247 -0.308247  1.000000  0.383820  0.138329
parch     0.093317  0.025683 -0.189119  0.383820  1.000000  0.205119
fare      0.268189 -0.554182  0.096067  0.138329  0.205119  1.000000
2026-06-08 15:17:32 | INFO | EDA-NB | ---------Visualize Correlation Matrix as a Heatmap---------------
2026-06-08 15:17:32 | INFO | EDA-NB | ---- Creating Scatter Plot to see Relationships ---------------
2026-06-08 15:17:32 | INFO | EDA-NB | ----   Use clean dataframe ------------------------------------
2026-06-08 15:17:32 | INFO | EDA-NB | ----   Set x to age -------------------------------------------
2026-06-08 15:17:32 | INFO | EDA-NB | ----   Set y to fare ------------------------------------------
2026-06-08 15:17:32 | INFO | EDA-NB | ----   Set the hue (color mapping) to the group column (sex) --
2026-06-08 15:17:32 | INFO | EDA-NB | ------- Creating another chart -------
2026-06-08 15:17:32 | INFO | EDA-NB | ------ Creating Box Plot to see Distribution: ---------
2026-06-08 15:17:32 | INFO | EDA-NB | ------   Use clean dataframe --------------------------
2026-06-08 15:17:32 | INFO | EDA-NB | ------   Set x to the  group column (sex)--------------
2026-06-08 15:17:32 | INFO | EDA-NB | ------   Set y to age ---------------------------------
2026-06-08 15:17:32 | INFO | EDA-NB | ------- Creating another chart -------
2026-06-08 15:17:32 | INFO | EDA-NB | ------ Creating Clustered Bar Chart to see Distribution: --------------
2026-06-08 15:17:32 | INFO | EDA-NB | ------   Use clean dataframe ------------------------------------------
2026-06-08 15:17:32 | INFO | EDA-NB | ------   Set x to sex--------------------------------------------------
2026-06-08 15:17:32 | INFO | EDA-NB | ------   Set hue to survival status (0 = Not Survived, 1 = Survived) --
2026-06-08 15:17:32 | INFO | EDA-NB | ------- Creating another chart -------
2026-06-08 15:17:32 | INFO | EDA-NB | ------ Creating Overlapping Density Plot to see Distribution: ---------
2026-06-08 15:17:32 | INFO | EDA-NB | ------   Use clean dataframe ------------------------------------------
2026-06-08 15:17:32 | INFO | EDA-NB | ------   Set x to sex--------------------------------------------------
2026-06-08 15:17:32 | INFO | EDA-NB | ------   Set hue to survival status (0 = Not Survived, 1 = Survived) --
2026-06-08 15:17:32 | INFO | EDA-NB | ========================
2026-06-08 15:17:32 | INFO | EDA-NB | EDA workflow complete
2026-06-08 15:17:32 | INFO | EDA-NB | IMPORTANT: This script creates chart windows.
2026-06-08 15:17:32 | INFO | EDA-NB | Close any chart windows and terminate this process with CTRL+c as needed.
2026-06-08 15:17:32 | INFO | EDA-NB | ========================
2026-06-08 15:17:32 | INFO | EDA-NB | Executed successfully!
2026-06-08 15:17:32 | INFO | EDA-NB | ========================
2026-06-08 15:29:12 | INFO | EDA | === RUN START ===
2026-06-08 15:29:12 | INFO | EDA | project=EDA
2026-06-08 15:29:12 | INFO | EDA | repo_dir=datafun-04-notebooks
2026-06-08 15:29:12 | INFO | EDA | python=3.14.5
2026-06-08 15:29:12 | INFO | EDA | os=Windows 11
2026-06-08 15:29:12 | INFO | EDA | shell=powershell
2026-06-08 15:29:12 | INFO | EDA | cwd=.
2026-06-08 15:29:12 | INFO | EDA | github_actions=False
2026-06-08 15:29:12 | INFO | EDA | ========================
2026-06-08 15:29:12 | INFO | EDA | START main()
2026-06-08 15:29:12 | INFO | EDA | ========================
2026-06-08 15:29:12 | INFO | EDA | --- Section 2: Load dataset: titanic ---
2026-06-08 15:29:12 | INFO | EDA | Loading dataset: titanic
2026-06-08 15:29:12 | INFO | EDA | Loaded: 891 rows, 15 columns
2026-06-08 15:29:12 | INFO | EDA | --- Section 3: Inspect shape and basic structure ---
2026-06-08 15:29:12 | INFO | EDA | Previewing first few rows of the dataset
2026-06-08 15:29:12 | DEBUG | EDA | 
   survived  pclass     sex   age  sibsp  parch     fare embarked  class    who  adult_male deck  embark_town alive  \
0         0       3    male  22.0      1      0   7.2500        S  Third    man        True  NaN  Southampton    no   
1         1       1  female  38.0      1      0  71.2833        C  First  woman       False    C    Cherbourg   yes   
2         1       3  female  26.0      0      0   7.9250        S  Third  woman       False  NaN  Southampton   yes   
3         1       1  female  35.0      1      0  53.1000        S  First  woman       False    C  Southampton   yes   
4         0       3    male  35.0      0      0   8.0500        S  Third    man        True  NaN  Southampton    no   

   alone  
0  False  
1  False  
2   True  
3  False  
4   True  
2026-06-08 15:29:12 | INFO | EDA | Column names
2026-06-08 15:29:12 | DEBUG | EDA | ['survived', 'pclass', 'sex', 'age', 'sibsp', 'parch', 'fare', 'embarked', 'class', 'who', 'adult_male', 'deck', 'embark_town', 'alive', 'alone']
2026-06-08 15:29:12 | INFO | EDA | DataFrame info (types and non-null counts)
2026-06-08 15:29:12 | INFO | EDA | Dataset shape: 891 rows, 15 columns
2026-06-08 15:29:12 | INFO | EDA | --- Section 4: Create Data Dictionary and Check Data Quality ---
2026-06-08 15:29:12 | INFO | EDA | Building starter data dictionary
2026-06-08 15:29:12 | DEBUG | EDA | 
         column     dtype  missing_count  missing_pct
0      survived     int64              0         0.00
1        pclass     int64              0         0.00
2           sex       str              0         0.00
3           age   float64            177        19.87
4         sibsp     int64              0         0.00
5         parch     int64              0         0.00
6          fare   float64              0         0.00
7      embarked       str              2         0.22
8         class  category              0         0.00
9           who       str              0         0.00
10   adult_male      bool              0         0.00
11         deck  category            688        77.22
12  embark_town       str              2         0.22
13        alive       str              0         0.00
14        alone      bool              0         0.00
2026-06-08 15:29:12 | INFO | EDA | Missing values per column:
2026-06-08 15:29:12 | INFO | EDA | 
survived         0
pclass           0
sex              0
age            177
sibsp            0
parch            0
fare             0
embarked         2
class            0
who              0
adult_male       0
deck           688
embark_town      2
alive            0
alone            0
dtype: int64
2026-06-08 15:29:12 | INFO | EDA | Checking missing values per column
2026-06-08 15:29:12 | DEBUG | EDA | 
deck           688
age            177
embarked         2
embark_town      2
sex              0
pclass           0
survived         0
fare             0
parch            0
sibsp            0
class            0
adult_male       0
who              0
alive            0
alone            0
dtype: int64
2026-06-08 15:29:12 | INFO | EDA | Duplicate rows detected: 107
2026-06-08 15:29:12 | INFO | EDA | Call describe() for numeric columns
2026-06-08 15:29:12 | DEBUG | EDA | 
              age    survived      pclass       sibsp       parch
count  714.000000  891.000000  891.000000  891.000000  891.000000
mean    29.699118    0.383838    2.308642    0.523008    0.381594
std     14.526497    0.486592    0.836071    1.102743    0.806057
min      0.420000    0.000000    1.000000    0.000000    0.000000
25%     20.125000    0.000000    2.000000    0.000000    0.000000
50%     28.000000    0.000000    3.000000    0.000000    0.000000
75%     38.000000    1.000000    3.000000    1.000000    0.000000
max     80.000000    1.000000    3.000000    8.000000    6.000000

2026-06-08 15:29:12 | INFO | EDA | --- Section 5: Create a cleaned view for EDA ---
2026-06-08 15:29:12 | INFO | EDA | Creating cleaned view for EDA (dropping rows with key missing values)
2026-06-08 15:29:12 | DEBUG | EDA | Columns required to be non-missing: ['age', 'survived', 'pclass', 'sibsp', 'parch', 'sex']
2026-06-08 15:29:12 | INFO | EDA | Original rows: 891
2026-06-08 15:29:12 | INFO | EDA | Clean rows:    714
2026-06-08 15:29:12 | INFO | EDA | Rows dropped:  177
2026-06-08 15:29:12 | INFO | EDA | --- Section 6: Descriptive statistics for numeric columns ---
2026-06-08 15:29:12 | INFO | EDA | --------------- Manual statistics ---------------
2026-06-08 15:29:12 | INFO | EDA | Age Statistics (using numpy):
2026-06-08 15:29:12 | INFO | EDA |   Mean: 29.70
2026-06-08 15:29:12 | INFO | EDA |   Std Dev: 14.52
2026-06-08 15:29:12 | INFO | EDA |   Min: 0.42
2026-06-08 15:29:12 | INFO | EDA |   Max: 80.00
2026-06-08 15:29:12 | INFO | EDA |   Range: 79.58
2026-06-08 15:29:12 | INFO | EDA | Siblings/Spouses Statistics (using numpy):
2026-06-08 15:29:12 | INFO | EDA |   Mean: 0.51
2026-06-08 15:29:12 | INFO | EDA |   Std Dev: 0.93
2026-06-08 15:29:12 | INFO | EDA |   Min: 0.00
2026-06-08 15:29:12 | INFO | EDA |   Max: 5.00
2026-06-08 15:29:12 | INFO | EDA |   Range: 5.00
2026-06-08 15:29:12 | INFO | EDA | Parents/Children Statistics (using numpy):
2026-06-08 15:29:12 | INFO | EDA |   Mean: 0.43
2026-06-08 15:29:12 | INFO | EDA |   Std Dev: 0.85
2026-06-08 15:29:12 | INFO | EDA |   Min: 0.00
2026-06-08 15:29:12 | INFO | EDA |   Max: 6.00
2026-06-08 15:29:12 | INFO | EDA |   Range: 6.00
2026-06-08 15:29:12 | INFO | EDA | --------------- Using pandas describe() method ---------------
2026-06-08 15:29:12 | INFO | EDA | Computing overall descriptive statistics
2026-06-08 15:29:12 | DEBUG | EDA | 
          count       mean        std   min     25%   50%   75%   max
age       714.0  29.699118  14.526497  0.42  20.125  28.0  38.0  80.0
survived  714.0   0.406162   0.491460  0.00   0.000   0.0   1.0   1.0
pclass    714.0   2.236695   0.838250  1.00   1.000   2.0   3.0   3.0
sibsp     714.0   0.512605   0.929783  0.00   0.000   0.0   1.0   5.0
parch     714.0   0.431373   0.853289  0.00   0.000   0.0   1.0   6.0
2026-06-08 15:29:12 | INFO | EDA | --------------- Using pandas groupby() and agg() ---------------
2026-06-08 15:29:12 | INFO | EDA | Computing descriptive statistics by group
2026-06-08 15:29:12 | DEBUG | EDA | 
         age                                   survived                             pclass                          \
       count       mean        std   min   max    count      mean       std min max  count      mean       std min   
sex                                                                                                                  
female   261  27.915709  14.110146  0.75  63.0      261  0.754789  0.431039   0   1    261  2.065134  0.845560   1   
male     453  30.726645  14.678201  0.42  80.0      453  0.205298  0.404366   0   1    453  2.335541  0.818748   1   

           sibsp                             parch                              
       max count      mean       std min max count      mean       std min max  
sex                                                                             
female   3   261  0.639847  0.928493   0   5   261  0.708812  1.066752   0   6  
male     3   453  0.439294  0.923609   0   5   453  0.271523  0.651076   0   5  
2026-06-08 15:29:12 | INFO | EDA | 
Stacked view - easier to read in logs:
2026-06-08 15:29:12 | DEBUG | EDA | 
                 count       mean        std   min   max
sex                                                     
female age         261  27.915709  14.110146  0.75  63.0
       survived    261   0.754789   0.431039  0.00   1.0
       pclass      261   2.065134   0.845560  1.00   3.0
       sibsp       261   0.639847   0.928493  0.00   5.0
       parch       261   0.708812   1.066752  0.00   6.0
male   age         453  30.726645  14.678201  0.42  80.0
       survived    453   0.205298   0.404366  0.00   1.0
       pclass      453   2.335541   0.818748  1.00   3.0
       sibsp       453   0.439294   0.923609  0.00   5.0
       parch       453   0.271523   0.651076  0.00   5.0
2026-06-08 15:29:12 | INFO | EDA | --- Section 7: Correlation matrix for numeric columns ---
2026-06-08 15:29:12 | INFO | EDA | Computing correlation matrix for numeric columns
2026-06-08 15:29:12 | INFO | EDA | 
Correlation matrix:
2026-06-08 15:29:12 | DEBUG | EDA | 
          survived    pclass       age     sibsp     parch      fare
survived  1.000000 -0.359653 -0.077221 -0.017358  0.093317  0.268189
pclass   -0.359653  1.000000 -0.369226  0.067247  0.025683 -0.554182
age      -0.077221 -0.369226  1.000000 -0.308247 -0.189119  0.096067
sibsp    -0.017358  0.067247 -0.308247  1.000000  0.383820  0.138329
parch     0.093317  0.025683 -0.189119  0.383820  1.000000  0.205119
fare      0.268189 -0.554182  0.096067  0.138329  0.205119  1.000000
2026-06-08 15:29:12 | INFO | EDA | ---------Visualize Correlation Matrix as a Heatmap---------------
2026-06-08 15:29:13 | INFO | EDA | 
CUSTOM: Update these notes and use Markdown cells to narrate and tell the story as you explore. For example:

Interpretation:

 - Values close to 1 (dark red) = strong positive correlation (both increase together)
 - Values close to -1 (dark blue) = strong negative correlation (one increases, other decreases)
 - Values close to 0 (white) = little or no linear relationship
 - The diagonal is always 1 (each variable correlates perfectly with itself)

From this heatmap, we can see that **fare** and **ticket class** show moderate negative correlation (~-0.55).
No other variables show any real notable correlations.

2026-06-08 15:29:13 | INFO | EDA | --- Section 8: Charts ---
2026-06-08 15:29:13 | INFO | EDA | ---- Creating Scatter Plot to see Relationships ---------------
2026-06-08 15:29:13 | INFO | EDA | ----   Use clean dataframe ------------------------------------
2026-06-08 15:29:13 | INFO | EDA | ----   Set x to age -------------------------------------------
2026-06-08 15:29:13 | INFO | EDA | ----   Set y to fare ------------------------------------------
2026-06-08 15:29:13 | INFO | EDA | ----   Set the hue (color mapping) to the group column (sex) --
2026-06-08 15:29:13 | INFO | EDA | ------- Creating another chart -------
2026-06-08 15:29:13 | INFO | EDA | ------ Creating Box Plot to see Distribution: ---------
2026-06-08 15:29:13 | INFO | EDA | ------   Use clean dataframe --------------------------
2026-06-08 15:29:13 | INFO | EDA | ------   Set x to the  group column (sex)--------------
2026-06-08 15:29:13 | INFO | EDA | ------   Set y to age ---------------------------------
2026-06-08 15:29:13 | INFO | EDA | ------- Creating another chart -------
2026-06-08 15:29:13 | INFO | EDA | ------ Creating Clustered Bar Chart to see Distribution: --------------
2026-06-08 15:29:13 | INFO | EDA | ------   Use clean dataframe ------------------------------------------
2026-06-08 15:29:13 | INFO | EDA | ------   Set x to sex--------------------------------------------------
2026-06-08 15:29:13 | INFO | EDA | ------   Set hue to survival status (0 = Not Survived, 1 = Survived) --
2026-06-08 15:29:13 | INFO | EDA | ------- Creating another chart -------
2026-06-08 15:29:13 | INFO | EDA | ------ Creating Overlapping Density Plot to see Distribution: ---------
2026-06-08 15:29:13 | INFO | EDA | ------   Use clean dataframe ------------------------------------------
2026-06-08 15:29:13 | INFO | EDA | ------   Set x to sex--------------------------------------------------
2026-06-08 15:29:13 | INFO | EDA | ------   Set hue to survival status (0 = Not Survived, 1 = Survived) --
2026-06-08 15:29:17 | INFO | EDA | --- Section 9: Summary and next steps ---
2026-06-08 15:29:17 | INFO | EDA | ========================
2026-06-08 15:29:17 | INFO | EDA | See .py file or notebook for summary of findings and suggested next steps.
2026-06-08 15:29:17 | INFO | EDA | ========================
2026-06-08 15:29:17 | INFO | EDA | -----  close the chart windows (with the close button) to continue  -----
2026-06-08 15:29:17 | INFO | EDA | ========================
2026-06-08 15:29:17 | INFO | EDA | EDA workflow complete
2026-06-08 15:29:17 | INFO | EDA | IMPORTANT: This script creates chart windows.
2026-06-08 15:29:17 | INFO | EDA | Close any chart windows and terminate this process with CTRL+c as needed.
2026-06-08 15:29:17 | INFO | EDA | ========================
2026-06-08 15:29:17 | INFO | EDA | Executed successfully!
2026-06-08 15:29:17 | INFO | EDA | ========================
2026-06-08 15:29:25 | INFO | EDA-NB | === RUN START ===
2026-06-08 15:29:25 | INFO | EDA-NB | project=EDA-NB
2026-06-08 15:29:25 | INFO | EDA-NB | repo_dir=datafun-04-notebooks
2026-06-08 15:29:25 | INFO | EDA-NB | python=3.14.5
2026-06-08 15:29:25 | INFO | EDA-NB | os=Windows 11
2026-06-08 15:29:25 | INFO | EDA-NB | shell=powershell
2026-06-08 15:29:25 | INFO | EDA-NB | cwd=notebooks
2026-06-08 15:29:25 | INFO | EDA-NB | github_actions=False
2026-06-08 15:29:25 | INFO | EDA-NB | Imports complete.
2026-06-08 15:29:25 | INFO | EDA-NB | Loading dataset: titanic
2026-06-08 15:29:25 | INFO | EDA-NB | Loaded: 891 rows, 15 columns
2026-06-08 15:29:25 | INFO | EDA-NB | Previewing first few rows of the dataset
2026-06-08 15:29:25 | INFO | EDA-NB | Column names
2026-06-08 15:29:25 | INFO | EDA-NB | DataFrame info (types and non-null counts)
2026-06-08 15:29:25 | INFO | EDA-NB | Dataset shape: 891 rows, 15 columns
2026-06-08 15:29:25 | INFO | EDA-NB | Building starter data dictionary
2026-06-08 15:29:25 | DEBUG | EDA-NB | 
         column     dtype  missing_count  missing_pct
0      survived     int64              0         0.00
1        pclass     int64              0         0.00
2           sex       str              0         0.00
3           age   float64            177        19.87
4         sibsp     int64              0         0.00
5         parch     int64              0         0.00
6          fare   float64              0         0.00
7      embarked       str              2         0.22
8         class  category              0         0.00
9           who       str              0         0.00
10   adult_male      bool              0         0.00
11         deck  category            688        77.22
12  embark_town       str              2         0.22
13        alive       str              0         0.00
14        alone      bool              0         0.00
2026-06-08 15:29:25 | INFO | EDA-NB | Missing values per column:
2026-06-08 15:29:25 | INFO | EDA-NB | survived         0
pclass           0
sex              0
age            177
sibsp            0
parch            0
fare             0
embarked         2
class            0
who              0
adult_male       0
deck           688
embark_town      2
alive            0
alone            0
dtype: int64
2026-06-08 15:29:25 | INFO | EDA-NB | Checking missing values per column
2026-06-08 15:29:25 | DEBUG | EDA-NB | 
deck           688
age            177
embarked         2
embark_town      2
sex              0
pclass           0
survived         0
fare             0
parch            0
sibsp            0
class            0
adult_male       0
who              0
alive            0
alone            0
dtype: int64
2026-06-08 15:29:25 | INFO | EDA-NB | Duplicate rows detected: 107
2026-06-08 15:29:25 | INFO | EDA-NB | Call describe() for numeric columns
2026-06-08 15:29:25 | DEBUG | EDA-NB | 
              age    survived      pclass       sibsp       parch
count  714.000000  891.000000  891.000000  891.000000  891.000000
mean    29.699118    0.383838    2.308642    0.523008    0.381594
std     14.526497    0.486592    0.836071    1.102743    0.806057
min      0.420000    0.000000    1.000000    0.000000    0.000000
25%     20.125000    0.000000    2.000000    0.000000    0.000000
50%     28.000000    0.000000    3.000000    0.000000    0.000000
75%     38.000000    1.000000    3.000000    1.000000    0.000000
max     80.000000    1.000000    3.000000    8.000000    6.000000

2026-06-08 15:29:25 | DEBUG | EDA-NB | Columns required to be non-missing: ['age', 'survived', 'pclass', 'sibsp', 'parch', 'sex']
2026-06-08 15:29:25 | INFO | EDA-NB | Original rows: 891
2026-06-08 15:29:25 | INFO | EDA-NB | Clean rows:    714
2026-06-08 15:29:25 | INFO | EDA-NB | Rows dropped:  177
2026-06-08 15:29:25 | INFO | EDA-NB | --------------- Manual statistics ---------------
2026-06-08 15:29:25 | INFO | EDA-NB | Age Statistics (using numpy):
2026-06-08 15:29:25 | INFO | EDA-NB |   Mean: 29.70
2026-06-08 15:29:25 | INFO | EDA-NB |   Std Dev: 14.52
2026-06-08 15:29:25 | INFO | EDA-NB |   Min: 0.42
2026-06-08 15:29:25 | INFO | EDA-NB |   Max: 80.00
2026-06-08 15:29:25 | INFO | EDA-NB |   Range: 79.58
2026-06-08 15:29:25 | INFO | EDA-NB | Siblings/Spouses Statistics (using numpy):
2026-06-08 15:29:25 | INFO | EDA-NB |   Mean: 0.51
2026-06-08 15:29:25 | INFO | EDA-NB |   Std Dev: 0.93
2026-06-08 15:29:25 | INFO | EDA-NB |   Min: 0.00
2026-06-08 15:29:25 | INFO | EDA-NB |   Max: 5.00
2026-06-08 15:29:25 | INFO | EDA-NB |   Range: 5.00
2026-06-08 15:29:25 | INFO | EDA-NB | Parents/Children Statistics (using numpy):
2026-06-08 15:29:25 | INFO | EDA-NB |   Mean: 0.43
2026-06-08 15:29:25 | INFO | EDA-NB |   Std Dev: 0.85
2026-06-08 15:29:25 | INFO | EDA-NB |   Min: 0.00
2026-06-08 15:29:25 | INFO | EDA-NB |   Max: 6.00
2026-06-08 15:29:25 | INFO | EDA-NB |   Range: 6.00
2026-06-08 15:29:25 | INFO | EDA-NB | Computing overall descriptive statistics
2026-06-08 15:29:26 | DEBUG | EDA-NB | 
          count       mean        std   min     25%   50%   75%   max
age       714.0  29.699118  14.526497  0.42  20.125  28.0  38.0  80.0
survived  714.0   0.406162   0.491460  0.00   0.000   0.0   1.0   1.0
pclass    714.0   2.236695   0.838250  1.00   1.000   2.0   3.0   3.0
sibsp     714.0   0.512605   0.929783  0.00   0.000   0.0   1.0   5.0
parch     714.0   0.431373   0.853289  0.00   0.000   0.0   1.0   6.0
2026-06-08 15:29:26 | INFO | EDA-NB | --------------- Using pandas groupby() and agg() ---------------
2026-06-08 15:29:26 | INFO | EDA-NB | Computing descriptive statistics by group
2026-06-08 15:29:26 | DEBUG | EDA-NB | 
         age                                   survived                             pclass                          \
       count       mean        std   min   max    count      mean       std min max  count      mean       std min   
sex                                                                                                                  
female   261  27.915709  14.110146  0.75  63.0      261  0.754789  0.431039   0   1    261  2.065134  0.845560   1   
male     453  30.726645  14.678201  0.42  80.0      453  0.205298  0.404366   0   1    453  2.335541  0.818748   1   

           sibsp                             parch                              
       max count      mean       std min max count      mean       std min max  
sex                                                                             
female   3   261  0.639847  0.928493   0   5   261  0.708812  1.066752   0   6  
male     3   453  0.439294  0.923609   0   5   453  0.271523  0.651076   0   5  
2026-06-08 15:29:26 | INFO | EDA-NB | --------------- Improving the output ---------------
2026-06-08 15:29:26 | DEBUG | EDA-NB | 
                 count       mean        std   min   max
sex                                                     
female age         261  27.915709  14.110146  0.75  63.0
       survived    261   0.754789   0.431039  0.00   1.0
       pclass      261   2.065134   0.845560  1.00   3.0
       sibsp       261   0.639847   0.928493  0.00   5.0
       parch       261   0.708812   1.066752  0.00   6.0
male   age         453  30.726645  14.678201  0.42  80.0
       survived    453   0.205298   0.404366  0.00   1.0
       pclass      453   2.335541   0.818748  1.00   3.0
       sibsp       453   0.439294   0.923609  0.00   5.0
       parch       453   0.271523   0.651076  0.00   5.0
2026-06-08 15:29:26 | INFO | EDA-NB | Computing correlation matrix for numeric columns
2026-06-08 15:29:26 | INFO | EDA-NB | 
Correlation matrix:
2026-06-08 15:29:26 | DEBUG | EDA-NB | 
          survived    pclass       age     sibsp     parch      fare
survived  1.000000 -0.359653 -0.077221 -0.017358  0.093317  0.268189
pclass   -0.359653  1.000000 -0.369226  0.067247  0.025683 -0.554182
age      -0.077221 -0.369226  1.000000 -0.308247 -0.189119  0.096067
sibsp    -0.017358  0.067247 -0.308247  1.000000  0.383820  0.138329
parch     0.093317  0.025683 -0.189119  0.383820  1.000000  0.205119
fare      0.268189 -0.554182  0.096067  0.138329  0.205119  1.000000
2026-06-08 15:29:26 | INFO | EDA-NB | ---------Visualize Correlation Matrix as a Heatmap---------------
2026-06-08 15:29:26 | INFO | EDA-NB | ---- Creating Scatter Plot to see Relationships ---------------
2026-06-08 15:29:26 | INFO | EDA-NB | ----   Use clean dataframe ------------------------------------
2026-06-08 15:29:26 | INFO | EDA-NB | ----   Set x to age -------------------------------------------
2026-06-08 15:29:26 | INFO | EDA-NB | ----   Set y to fare ------------------------------------------
2026-06-08 15:29:26 | INFO | EDA-NB | ----   Set the hue (color mapping) to the group column (sex) --
2026-06-08 15:29:26 | INFO | EDA-NB | ------- Creating another chart -------
2026-06-08 15:29:26 | INFO | EDA-NB | ------ Creating Box Plot to see Distribution: ---------
2026-06-08 15:29:26 | INFO | EDA-NB | ------   Use clean dataframe --------------------------
2026-06-08 15:29:26 | INFO | EDA-NB | ------   Set x to the  group column (sex)--------------
2026-06-08 15:29:26 | INFO | EDA-NB | ------   Set y to age ---------------------------------
2026-06-08 15:29:26 | INFO | EDA-NB | ------- Creating another chart -------
2026-06-08 15:29:26 | INFO | EDA-NB | ------ Creating Clustered Bar Chart to see Distribution: --------------
2026-06-08 15:29:26 | INFO | EDA-NB | ------   Use clean dataframe ------------------------------------------
2026-06-08 15:29:26 | INFO | EDA-NB | ------   Set x to sex--------------------------------------------------
2026-06-08 15:29:26 | INFO | EDA-NB | ------   Set hue to survival status (0 = Not Survived, 1 = Survived) --
2026-06-08 15:29:26 | INFO | EDA-NB | ------- Creating another chart -------
2026-06-08 15:29:26 | INFO | EDA-NB | ------ Creating Overlapping Density Plot to see Distribution: ---------
2026-06-08 15:29:26 | INFO | EDA-NB | ------   Use clean dataframe ------------------------------------------
2026-06-08 15:29:26 | INFO | EDA-NB | ------   Set x to sex--------------------------------------------------
2026-06-08 15:29:26 | INFO | EDA-NB | ------   Set hue to survival status (0 = Not Survived, 1 = Survived) --
2026-06-08 15:29:26 | INFO | EDA-NB | ========================
2026-06-08 15:29:26 | INFO | EDA-NB | EDA workflow complete
2026-06-08 15:29:26 | INFO | EDA-NB | IMPORTANT: This script creates chart windows.
2026-06-08 15:29:26 | INFO | EDA-NB | Close any chart windows and terminate this process with CTRL+c as needed.
2026-06-08 15:29:26 | INFO | EDA-NB | ========================
2026-06-08 15:29:26 | INFO | EDA-NB | Executed successfully!
2026-06-08 15:29:26 | INFO | EDA-NB | ========================
2026-06-08 15:30:12 | INFO | EDA | Loading dataset: penguins
2026-06-08 15:30:12 | INFO | EDA | Loaded: 344 rows, 7 columns
2026-06-08 15:30:12 | INFO | EDA | Loading dataset: penguins
2026-06-08 15:30:12 | INFO | EDA | Loaded: 344 rows, 7 columns
2026-06-08 15:30:12 | INFO | EDA | Loading dataset: penguins
2026-06-08 15:30:12 | INFO | EDA | Loaded: 344 rows, 7 columns
2026-06-08 15:30:12 | INFO | EDA | Loading dataset: penguins
2026-06-08 15:30:12 | INFO | EDA | Loaded: 344 rows, 7 columns
2026-06-08 15:30:12 | INFO | EDA | Creating cleaned view for EDA (dropping rows with key missing values)
2026-06-08 15:30:12 | DEBUG | EDA | Columns required to be non-missing: ['bill_length_mm', 'bill_depth_mm', 'flipper_length_mm', 'body_mass_g', 'species']
2026-06-08 15:30:12 | INFO | EDA | Original rows: 344
2026-06-08 15:30:12 | INFO | EDA | Clean rows:    342
2026-06-08 15:30:12 | INFO | EDA | Rows dropped:  2
2026-06-08 15:30:12 | INFO | EDA | Computing correlation matrix for numeric columns
2026-06-08 15:30:12 | INFO | EDA | 
Correlation matrix:
2026-06-08 15:30:12 | DEBUG | EDA | 
                   bill_length_mm  bill_depth_mm  flipper_length_mm  body_mass_g
bill_length_mm           1.000000      -0.235053           0.656181     0.595110
bill_depth_mm           -0.235053       1.000000          -0.583851    -0.471916
flipper_length_mm        0.656181      -0.583851           1.000000     0.871202
body_mass_g              0.595110      -0.471916           0.871202     1.000000
2026-06-08 15:30:12 | INFO | EDA | ---------Visualize Correlation Matrix as a Heatmap---------------
2026-06-08 15:30:12 | INFO | EDA | 
CUSTOM: Update these notes and use Markdown cells to narrate and tell the story as you explore. For example:

Interpretation:

 - Values close to 1 (dark red) = strong positive correlation (both increase together)
 - Values close to -1 (dark blue) = strong negative correlation (one increases, other decreases)
 - Values close to 0 (white) = little or no linear relationship
 - The diagonal is always 1 (each variable correlates perfectly with itself)

From this heatmap, we can see that flipper_length_mm and body_mass_g show strong positive correlation (~0.87).

2026-06-08 15:39:22 | INFO | EDA | Loading dataset: penguins
2026-06-08 15:39:22 | INFO | EDA | Loaded: 344 rows, 7 columns
2026-06-08 15:39:22 | INFO | EDA | Loading dataset: penguins
2026-06-08 15:39:22 | INFO | EDA | Loaded: 344 rows, 7 columns
2026-06-08 15:39:22 | INFO | EDA | Loading dataset: penguins
2026-06-08 15:39:22 | INFO | EDA | Loaded: 344 rows, 7 columns
2026-06-08 15:39:22 | INFO | EDA | Loading dataset: penguins
2026-06-08 15:39:22 | INFO | EDA | Loaded: 344 rows, 7 columns
2026-06-08 15:39:22 | INFO | EDA | Creating cleaned view for EDA (dropping rows with key missing values)
2026-06-08 15:39:22 | DEBUG | EDA | Columns required to be non-missing: ['bill_length_mm', 'bill_depth_mm', 'flipper_length_mm', 'body_mass_g', 'species']
2026-06-08 15:39:22 | INFO | EDA | Original rows: 344
2026-06-08 15:39:22 | INFO | EDA | Clean rows:    342
2026-06-08 15:39:22 | INFO | EDA | Rows dropped:  2
2026-06-08 15:39:22 | INFO | EDA | Computing correlation matrix for numeric columns
2026-06-08 15:39:22 | INFO | EDA | 
Correlation matrix:
2026-06-08 15:39:22 | DEBUG | EDA | 
                   bill_length_mm  bill_depth_mm  flipper_length_mm  body_mass_g
bill_length_mm           1.000000      -0.235053           0.656181     0.595110
bill_depth_mm           -0.235053       1.000000          -0.583851    -0.471916
flipper_length_mm        0.656181      -0.583851           1.000000     0.871202
body_mass_g              0.595110      -0.471916           0.871202     1.000000
2026-06-08 15:39:22 | INFO | EDA | ---------Visualize Correlation Matrix as a Heatmap---------------
2026-06-08 15:39:22 | INFO | EDA | 
CUSTOM: Update these notes and use Markdown cells to narrate and tell the story as you explore. For example:

Interpretation:

 - Values close to 1 (dark red) = strong positive correlation (both increase together)
 - Values close to -1 (dark blue) = strong negative correlation (one increases, other decreases)
 - Values close to 0 (white) = little or no linear relationship
 - The diagonal is always 1 (each variable correlates perfectly with itself)

From this heatmap, we can see that flipper_length_mm and body_mass_g show strong positive correlation (~0.87).

2026-06-08 15:40:43 | INFO | EDA | Loading dataset: penguins
2026-06-08 15:40:43 | INFO | EDA | Loaded: 344 rows, 7 columns
2026-06-08 15:40:43 | INFO | EDA | Loading dataset: penguins
2026-06-08 15:40:43 | INFO | EDA | Loaded: 344 rows, 7 columns
2026-06-08 15:40:43 | INFO | EDA | Loading dataset: penguins
2026-06-08 15:40:43 | INFO | EDA | Loaded: 344 rows, 7 columns
2026-06-08 15:40:43 | INFO | EDA | Loading dataset: penguins
2026-06-08 15:40:43 | INFO | EDA | Loaded: 344 rows, 7 columns
2026-06-08 15:40:43 | INFO | EDA | Creating cleaned view for EDA (dropping rows with key missing values)
2026-06-08 15:40:43 | DEBUG | EDA | Columns required to be non-missing: ['bill_length_mm', 'bill_depth_mm', 'flipper_length_mm', 'body_mass_g', 'species']
2026-06-08 15:40:43 | INFO | EDA | Original rows: 344
2026-06-08 15:40:43 | INFO | EDA | Clean rows:    342
2026-06-08 15:40:43 | INFO | EDA | Rows dropped:  2
2026-06-08 15:40:43 | INFO | EDA | Computing correlation matrix for numeric columns
2026-06-08 15:40:43 | INFO | EDA | 
Correlation matrix:
2026-06-08 15:40:43 | DEBUG | EDA | 
                   bill_length_mm  bill_depth_mm  flipper_length_mm  body_mass_g
bill_length_mm           1.000000      -0.235053           0.656181     0.595110
bill_depth_mm           -0.235053       1.000000          -0.583851    -0.471916
flipper_length_mm        0.656181      -0.583851           1.000000     0.871202
body_mass_g              0.595110      -0.471916           0.871202     1.000000
2026-06-08 15:40:43 | INFO | EDA | ---------Visualize Correlation Matrix as a Heatmap---------------
2026-06-08 15:40:43 | INFO | EDA | 
CUSTOM: Update these notes and use Markdown cells to narrate and tell the story as you explore. For example:

Interpretation:

 - Values close to 1 (dark red) = strong positive correlation (both increase together)
 - Values close to -1 (dark blue) = strong negative correlation (one increases, other decreases)
 - Values close to 0 (white) = little or no linear relationship
 - The diagonal is always 1 (each variable correlates perfectly with itself)

From this heatmap, we can see that flipper_length_mm and body_mass_g show strong positive correlation (~0.87).

